Employee_Name,EmpID,MarriedID,MaritalStatusID,GenderID,EmpStatusID,DeptID,PerfScoreID,FromDiversityJobFairID,Salary,Termd,PositionID,Position,State,Zip,DOB,Sex,MaritalDesc,CitizenDesc,HispanicLatino,RaceDesc,DateofHire,DateofTermination,TermReason,EmploymentStatus,Department,ManagerName,ManagerID,RecruitmentSource,PerformanceScore,EngagementSurvey,EmpSatisfaction,SpecialProjectsCount,LastPerformanceReview_Date,DaysLateLast30,Absences
"Adinolfi, Wilson  K",10026,0,0,1,1,5,4,0,62506,0,19,Production Technician I,MA,1960,07/10/83,M,Single,US Citizen,No,White,7/5/2011,,N/A - still employed,Active,Production,Michael Albert,22,MBTA ads,Exceeds,2.51,5,0,1/17/2019,0,
"Ait Sidi, Karthikeyan   ",10084,1,1,1,5,3,3,0,104437,1,27,Sr. DBA,MA,2148,05/05/75,M,Married,US Citizen,No,White,3/30/2015,06/16/16,career change,Voluntarily Terminated,IT/IS,Simon Roup,4,Company Intranet - Partner,Fully Meets,4.96,3,6,,,
"Akinkuolie, Sarah",10196,1,1,0,5,5,3,0,64955,1,20,Production Technician II,MA,1810,09/19/88,F,Married,US Citizen,No,White,7/5/2011,09/24/12,hours,Voluntarily Terminated,Production,Kissy Sullivan,20,Newspager/Magazine,Fully Meets,3.02,3,0,,,
"Alagbe,Trina",10088,1,1,0,1,5,3,0,64991,0,19,Production Technician I,MA,1886,09/27/88,F,Married,US Citizen,No,White,1/7/2008,,N/A - still employed,Active,Production,Elijiah Gray,16,Billboard,Fully Meets,4.84,5,0,1/3/2019,0,
"Albert, Michael  ",10069,0,2,1,1,5,3,0,50825,0,17,Production Manager,MA,2169,10/10/68,M,Divorced,US Citizen,No,White,8/1/2011,,N/A - still employed,Active,Production,Janet King,2,Employee Referral,Fully Meets,3.93,3,0,2/27/2019,0,
"Anderson, Carol ",10002,0,2,0,5,5,3,0,57568,1,19,Production Technician I,MA,2169,09/08/89,F,Divorced,US Citizen,No,White,7/11/2011,09/06/11,return to school,Voluntarily Terminated,Production,Webster Butler,39,Word of Mouth,Fully Meets,5,4,0,,,
"Anderson, Linda  ",10194,0,0,0,1,5,4,0,95660,0,19,Production Technician I,MA,1844,05/22/77,F,Single,US Citizen,No,White,1/9/2012,,N/A - still employed,Active,Production,Amy Dunn,11,MBTA ads,Exceeds,5,5,0,1/7/2019,0,
"Andreola, Colby",10062,0,0,0,1,4,3,0,59365,0,24,Software Engineer,MA,2110,05/24/79,F,Single,US Citizen,No,White,11/10/2014,,N/A - still employed,Active,Software Engineering,Alex Sweetwater,10,Vendor Referral,Fully Meets,3.04,3,4,1/2/2019,0,
"Athwal, Sam",10114,0,4,1,1,5,3,0,47837,0,19,Production Technician I,MA,2199,02/18/83,M,Widowed,US Citizen,No,White,9/30/2013,,N/A - still employed,Active,Production,Ketsia Liebig,19,Employee Referral,Fully Meets,5,4,0,2/25/2019,0,
"Bachiochi, Linda",10250,0,0,0,3,5,3,1,50178,0,19,Production Technician I,MA,1902,02/11/70,F,Single,US Citizen,No,Two or more races,7/6/2009,,N/A - still employed,Leave of Absence,Production,Brannon Miller,12,Diversity Job Fair,Fully Meets,4.46,3,0,1/25/2019,0,
"Bacong, Alejandro ",10252,0,2,1,1,3,3,0,54670,0,14,IT Support,MA,1886,01/07/88,M,Divorced,US Citizen,No,White,1/5/2015,,N/A - still employed,Active,IT/IS,Peter Monroe,7,Glassdoor,Fully Meets,1.84,5,6,2/18/2019,0,
"Baczenski, Rachael  ",10242,1,1,0,5,5,3,1,47211,1,19,Production Technician I,MA,1902,01/12/74,F,Married,US Citizen,Yes,Hispanic,1/10/2011,01/12/11,Another position,Voluntarily Terminated,Production,David Stanley,14,Diversity Job Fair,Fully Meets,1.79,4,0,,,
"Barbara, Thomas",10012,1,1,1,5,5,3,1,92328,1,19,Production Technician I,MA,2062,02/21/74,M,Married,US Citizen,Yes,Asian,4/2/2012,09/19/12,unhappy,Voluntarily Terminated,Production,Kissy Sullivan,20,Diversity Job Fair,Fully Meets,1.98,3,0,,,
"Barone, Francesco  A",10265,0,0,1,1,5,3,0,58709,0,19,Production Technician I,MA,1810,07/20/83,M,Single,US Citizen,No,Two or more races,2/20/2012,,N/A - still employed,Active,Production,Kelley Spirea,18,Social Networks - Facebook Twitter etc,Fully Meets,1.41,4,0,2/14/2019,0,
"Barton, Nader",10066,0,2,1,5,5,3,0,52505,1,19,Production Technician I,MA,2747,07/15/77,M,Divorced,US Citizen,No,White,9/24/2012,04/06/13,Another position,Voluntarily Terminated,Production,Michael Albert,22,On-line Web application,Fully Meets,5,5,0,,,
"Beak, Kimberly  ",10023,1,1,0,2,5,4,0,57834,0,20,Production Technician II,MA,2145,04/17/66,F,Married,US Citizen,No,White,7/21/2016,,N/A - Has not started yet,Future Start,Production,Kelley Spirea,18,Employee Referral,Exceeds,2.7,3,0,1/14/2019,0,
"Beatrice, Courtney ",10055,0,0,0,1,5,3,0,70131,0,19,Production Technician I,MA,1915,10/27/70,F,Single,Eligible NonCitizen,No,White,4/4/2011,,N/A - still employed,Active,Production,Elijiah Gray,16,Search Engine - Google Bing Yahoo,Fully Meets,5,5,0,1/14/2019,0,
"Becker, Renee",10245,0,0,0,4,3,3,0,59026,1,8,Database Administrator,MA,2026,04/04/86,F,Single,US Citizen,Yes,White,7/7/2014,09/12/15,performance,Terminated for Cause,IT/IS,Simon Roup,4,Search Engine - Google Bing Yahoo,Fully Meets,1.87,4,5,,,
"Becker, Scott",10277,0,0,1,3,5,3,0,110000,0,19,Production Technician I,MA,2452,04/06/79,M,Single,US Citizen,No,Asian,7/8/2013,,N/A - still employed,Leave of Absence,Production,Webster Butler,,MBTA ads,Fully Meets,1.09,4,0,1/11/2019,0,
"Bernstein, Sean",10046,0,0,1,1,5,3,0,53250,0,19,Production Technician I,MA,2072,12/22/70,M,Single,US Citizen,Yes,White,4/2/2012,,N/A - still employed,Active,Production,Amy Dunn,11,Word of Mouth,Fully Meets,5,3,0,1/14/2019,0,
"Biden, Lowan  M",10226,0,2,0,1,5,3,0,51044,0,19,Production Technician I,MA,2027,12/27/58,F,Divorced,US Citizen,No,Asian,8/19/2013,,N/A - still employed,Active,Production,Ketsia Liebig,19,Billboard,Fully Meets,2.39,3,0,1/10/2019,0,
"Billis, Helen",10003,1,1,0,1,5,4,0,64919,0,19,Production Technician I,MA,2031,09/01/89,F,Married,US Citizen,No,White,7/7/2014,,N/A - still employed,Active,Production,Brannon Miller,12,Indeed,Exceeds,5,3,0,2/27/2019,0,19
"Blount, Dianna",10294,0,0,0,1,5,2,0,62910,0,20,Production Technician II,MA,2171,09/21/90,F,Single,US Citizen,No,White,4/4/2011,,N/A - still employed,Active,Production,Michael Albert,22,Monster.com,Needs Improvement,1.16,3,0,2/27/2019,0,
"Bondwell, Betsy",10267,0,0,0,5,5,3,0,66441,1,20,Production Technician II,MA,2210,01/16/67,F,Single,US Citizen,No,White,1/10/2011,04/04/14,career change,Voluntarily Terminated,Production,Elijiah Gray,16,Search Engine - Google Bing Yahoo,Fully Meets,1.38,5,0,,,
"Boutwell, Bonalyn",10199,1,1,0,1,1,3,1,57815,0,26,Sr. Accountant,MA,2468,04/04/87,F,Married,US Citizen,No,Asian,2/16/2015,,N/A - still employed,Active,Admin Offices,Brandon R. LeBlanc,3,Diversity Job Fair,Fully Meets,5,4,3,2/18/2019,0,
"Bozzi, Charles",10081,0,0,1,5,5,3,0,103613,1,18,Production Manager,MA,1901,03/10/70,M,Single,US Citizen,No,Asian,9/30/2013,08/07/14,retiring,Voluntarily Terminated,Production,Janet King,2,Billboard,Fully Meets,3.39,3,0,,,
"Bramante, Elisa",10175,0,0,0,1,5,4,0,106367,0,10,Director of Operations,MA,2030,03/19/83,F,Single,US Citizen,No,Black or African American,1/5/2009,,N/A - still employed,Active,Production,Janet King,2,Other,Exceeds,3.02,5,0,2/4/2019,0,
"Brill, Donna",10177,1,1,0,5,5,3,0,74312,1,19,Production Technician I,MA,1701,08/24/90,F,Married,US Citizen,No,White,4/2/2012,06/15/13,Another position,Voluntarily Terminated,Production,David Stanley,14,Search Engine - Google Bing Yahoo,Fully Meets,3.35,4,0,,,
"Brown, Mia",10238,1,1,0,1,1,3,1,53492,0,1,Accountant I,MA,1450,11/24/87,F,Married,US Citizen,No,Black or African American,10/27/2008,,N/A - still employed,Active,Admin Offices,Brandon R. LeBlanc,1,Diversity Job Fair,Fully Meets,2.04,2,6,1/15/2019,0,
"Buccheri, Joseph  ",10184,0,0,1,1,5,3,0,63000,0,20,Production Technician II,MA,1013,07/28/83,M,Single,US Citizen,No,White,9/29/2014,,N/A - still employed,Active,Production,Webster Butler,,Word of Mouth,Fully Meets,3.19,3,0,2/1/2019,0,
"Buck, Edward",10203,1,1,1,1,6,3,0,65288,0,3,Area Sales Manager,MA,2330,07/07/75,M,Married,US Citizen,No,White,9/29/2014,,N/A - still employed,Active,Sales,Lynn Daneault,21,Employee Referral,Fully Meets,3.31,5,0,1/28/2019,0,
"Bugali, Josephine ",10188,0,3,0,3,5,3,1,64375,0,19,Production Technician I,MA,2043,10/30/69,F,Separated,US Citizen,No,Black or African American,11/11/2013,,N/A - still employed,Leave of Absence,Production,Kissy Sullivan,20,Diversity Job Fair,Fully Meets,2.83,5,0,1/21/2019,0,
"Bunbury, Jessica",10107,1,1,0,5,6,3,0,74326,1,3,Area Sales Manager,VA,21851,06/01/64,F,Married,Eligible NonCitizen,No,Black or African American,8/15/2011,08/02/14,Another position,Voluntarily Terminated,Sales,John Smith,17,Social Networks - Facebook Twitter etc,Fully Meets,3.14,5,0,,,
"Burke, Joelle",10181,0,0,0,1,5,3,0,63763,0,20,Production Technician II,MA,2148,03/02/80,F,Single,US Citizen,No,Black or African American,3/5/2012,,N/A - still employed,Active,Production,Amy Dunn,11,Employee Referral,Fully Meets,4.51,4,0,2/21/2019,0,
"Burkett, Benjamin ",10150,1,1,1,1,5,3,0,62162,0,20,Production Technician II,MA,1890,08/19/77,M,Married,US Citizen,No,White,4/4/2011,,N/A - still employed,Active,Production,Ketsia Liebig,19,Careerbuilder,Fully Meets,3.25,5,0,1/14/2019,0,
"Butler, Webster  L",10001,0,0,1,1,5,4,0,77692,0,18,Production Manager,MA,2169,08/09/83,M,Single,US Citizen,No,White,1/28/2016,,N/A - still employed,Active,Production,Janet King,2,Pay Per Click - Google,Exceeds,5,3,0,2/22/2019,0,
"Carabbio, Judith",10085,0,0,0,1,4,3,0,72640,0,24,Software Engineer,MA,2132,04/05/87,F,Single,US Citizen,No,White,11/11/2013,,N/A - still employed,Active,Software Engineering,Alex Sweetwater,10,Pay Per Click - Google,Fully Meets,4.96,4,6,1/30/2019,0,
"Carey, Michael  ",10115,0,0,1,1,5,3,0,93396,0,19,Production Technician I,MA,1701,02/02/83,M,Single,US Citizen,No,Black or African American,3/31/2014,,N/A - still employed,Active,Production,Kelley Spirea,18,MBTA ads,Fully Meets,4.43,3,0,2/1/2019,0,
"Carr, Claudia  N",10082,0,0,0,2,3,3,0,52846,0,27,Sr. DBA,MA,1886,06/06/86,F,Single,US Citizen,No,Black or African American,6/30/2016,,N/A - Has not started yet,Future Start,IT/IS,Simon Roup,4,Vendor Referral,Fully Meets,5,5,6,2/18/2019,0,
"Carter, Michelle ",10040,0,0,0,1,6,3,0,100031,0,3,Area Sales Manager,VT,5664,05/15/63,F,Single,US Citizen,No,White,8/18/2014,,N/A - still employed,Active,Sales,John Smith,17,Billboard,Fully Meets,5,5,0,1/21/2019,0,
"Chace, Beatrice ",10067,0,0,0,1,5,3,0,71860,0,19,Production Technician I,MA,2763,01/02/51,F,Single,US Citizen,No,White,9/29/2014,,N/A - still employed,Active,Production,Michael Albert,22,Search Engine - Google Bing Yahoo,Fully Meets,5,4,0,2/12/2019,0,
"Champaigne, Brian",10108,1,1,1,1,3,3,0,61656,0,5,BI Director,MA,2045,02/09/72,M,Married,US Citizen,No,White,9/6/2016,,N/A - still employed,Active,IT/IS,Jennifer Zamora,5,Professional Society,Fully Meets,4.5,5,7,1/15/2019,0,
"Chan, Lin",10210,0,0,0,1,5,3,0,110929,0,19,Production Technician I,MA,2170,02/12/79,F,Single,US Citizen,No,White,5/12/2014,,N/A - still employed,Active,Production,Elijiah Gray,16,Internet Search,Fully Meets,2.73,4,0,2/19/2019,0,
"Chang, Donovan  E",10154,0,0,1,1,5,3,0,54237,0,19,Production Technician I,MA,1845,08/24/83,M,Single,US Citizen,No,White,7/8/2013,,N/A - still employed,Active,Production,Webster Butler,,Newspager/Magazine,Fully Meets,3.8,5,0,1/14/2019,0,
"Chivukula, Enola",10200,0,0,0,5,5,3,0,60380,1,19,Production Technician I,MA,1775,08/27/83,F,Single,US Citizen,No,White,6/27/2011,11/15/15,relocation out of area,Voluntarily Terminated,Production,Amy Dunn,11,Other,Fully Meets,2,4,0,,,
"Cierpiszewski, Caroline  ",10240,0,0,0,1,5,3,0,66808,0,19,Production Technician I,MA,2044,05/31/88,F,Single,Non-Citizen,No,Black or African American,10/3/2011,,N/A - still employed,Active,Production,Ketsia Liebig,19,Pay Per Click - Google,Fully Meets,3.58,5,0,1/30/2019,0,
"Cisco, Anthony",10168,1,1,1,1,3,3,0,64786,0,14,IT Support,MA,2135,11/24/89,M,Married,US Citizen,Yes,White,3/30/2015,,N/A - still employed,Active,IT/IS,Peter Monroe,7,Information Session,Fully Meets,2.21,5,7,1/10/2019,0,
"Clayton, Rick",10220,0,0,1,1,3,3,0,64816,0,14,IT Support,MA,2170,09/05/85,M,Single,US Citizen,No,White,9/5/2012,,N/A - still employed,Active,IT/IS,Eric Dougall,6,Glassdoor,Fully Meets,2.55,3,6,2/27/2019,0,
"Cloninger, Jennifer",10275,1,1,0,5,5,3,0,68678,1,20,Production Technician II,MA,1752,08/31/81,F,Married,US Citizen,No,White,5/16/2011,01/07/13,unhappy,Voluntarily Terminated,Production,Brannon Miller,12,Word of Mouth,Fully Meets,1.16,5,0,,,
"Close, Phil",10269,1,1,1,5,5,3,0,64066,1,20,Production Technician II,MA,2169,11/25/78,M,Married,US Citizen,No,White,8/30/2010,09/26/11,career change,Voluntarily Terminated,Production,David Stanley,14,Other,Fully Meets,1.3,4,0,,,
"Clukey, Elijian",10029,1,1,1,2,5,4,0,59369,0,19,Production Technician I,MA,2134,08/26/80,M,Married,US Citizen,No,White,7/6/2016,,N/A - Has not started yet,Future Start,Production,Brannon Miller,12,Employee Referral,Exceeds,1.97,4,0,2/28/2019,0,
"Cockel, James",10261,0,0,1,1,5,3,0,50373,0,19,Production Technician I,MA,2452,09/08/77,M,Single,US Citizen,No,White,7/8/2013,,N/A - still employed,Active,Production,David Stanley,14,Employee Referral,Fully Meets,1.51,5,0,1/14/2019,0,
"Cole, Spencer",10292,0,0,1,4,5,2,0,63108,1,19,Production Technician I,MA,1880,08/12/79,M,Single,US Citizen,No,Black or African American,7/11/2011,09/23/12,performance,Terminated for Cause,Production,Kissy Sullivan,20,MBTA ads,Needs Improvement,1.42,3,0,,,
"Cornett, Lisa ",10282,1,1,0,1,5,3,0,59144,0,19,Production Technician I,MA,2189,03/31/77,F,Married,US Citizen,Yes,White,1/5/2015,,N/A - still employed,Active,Production,Kelley Spirea,18,Billboard,Fully Meets,4.73,5,0,2/14/2019,0,
"Costa, Latia",10019,0,0,0,1,6,4,0,68051,0,3,Area Sales Manager,CA,90007,11/08/88,F,Single,US Citizen,No,White,1/10/2011,,N/A - still employed,Active,Sales,Lynn Daneault,21,Other,Exceeds,4.77,5,0,1/27/2019,0,
"Crimmings,   Jean",10094,0,0,0,2,5,3,0,170500,0,19,Production Technician I,MA,1821,04/10/87,F,Single,US Citizen,No,White,7/6/2016,,N/A - Has not started yet,Future Start,Production,Michael Albert,22,Newspager/Magazine,Fully Meets,4.12,5,0,1/28/2019,0,
"Daneault, Lynn",10193,0,0,0,1,6,3,0,63381,0,21,Sales Manager,VT,5473,04/19/90,F,Single,US Citizen,No,White,5/5/2014,,N/A - still employed,Active,Sales,Debra Houlihan,15,Pay Per Click - Google,Fully Meets,4.62,4,0,1/24/2019,0,
"Daniele, Ann  ",10132,1,1,0,3,3,3,0,83552,0,28,Sr. Network Engineer,CT,6033,01/18/52,F,Married,US Citizen,No,White,11/10/2014,,N/A - still employed,Leave of Absence,IT/IS,Peter Monroe,7,Vendor Referral,Fully Meets,1.55,5,8,2/12/2019,0,
"Darson, Jene'ya ",10083,1,1,0,1,5,3,0,56149,0,19,Production Technician I,MA,2110,11/05/78,F,Married,US Citizen,No,White,7/2/2012,,N/A - still employed,Active,Production,Elijiah Gray,16,Billboard,Fully Meets,5,3,0,2/25/2019,0,
"Davis, Daniel",10099,0,0,1,1,5,3,0,92329,0,20,Production Technician II,MA,2458,09/14/79,M,Single,Eligible NonCitizen,No,Two or more races,11/7/2011,,N/A - still employed,Active,Production,Kissy Sullivan,20,Newspager/Magazine,Fully Meets,3.96,4,0,2/27/2019,0,
"DeGweck,  James",10212,1,1,1,5,5,3,0,65729,1,19,Production Technician I,MA,1810,10/31/77,M,Married,US Citizen,No,White,5/16/2011,06/08/15,unhappy,Voluntarily Terminated,Production,Webster Butler,39,Billboard,Fully Meets,5,4,0,,,
"Del Bosque, Keyla",10056,0,0,0,1,4,3,0,85028,0,24,Software Engineer,MA,2176,07/05/79,F,Single,US Citizen,No,Black or African American,1/9/2012,,N/A - still employed,Active,Software Engineering,Alex Sweetwater,10,Monster.com,Fully Meets,3.79,5,5,1/25/2019,0,
"Demita, Carla",10143,0,3,0,5,5,3,0,57583,1,20,Production Technician II,MA,2343,02/25/51,F,Separated,US Citizen,No,Black or African American,4/4/2011,11/04/15,more money,Voluntarily Terminated,Production,Kelley Spirea,18,Search Engine - Google Bing Yahoo,Fully Meets,4.62,5,0,,,
"Desimone, Carl ",10311,1,1,1,1,5,1,0,56294,0,19,Production Technician I,MA,2061,04/19/67,M,Married,US Citizen,No,White,7/7/2014,,N/A - still employed,Active,Production,Amy Dunn,11,Professional Society,PIP,1.12,2,0,1/31/2019,0,
"Dickinson, Geoff ",10070,0,0,1,1,5,3,0,56991,0,19,Production Technician I,MA,2180,11/15/82,M,Single,US Citizen,No,White,5/12/2014,,N/A - still employed,Active,Production,Ketsia Liebig,19,Pay Per Click - Google,Fully Meets,1.13,4,0,2/19/2019,0,
"Dietrich, Jenna  ",10155,0,0,0,1,6,1,0,55722,0,3,Area Sales Manager,WA,98052,05/14/87,F,Single,US Citizen,Yes,White,2/20/2012,,N/A - still employed,Active,Sales,John Smith,17,Website Banner Ads,PIP,2.3,1,0,1/29/2019,0,
"Digitale, Alfred",10306,1,1,1,1,6,3,0,101199,0,3,Area Sales Manager,NH,3062,09/14/88,M,Married,US Citizen,No,American Indian or Alaska Native,8/18/2014,,N/A - still employed,Active,Sales,John Smith,17,Pay Per Click - Google,Fully Meets,3.6,5,0,1/30/2019,0,
"DiNocco, Lily ",10100,1,1,0,1,5,2,0,61568,0,19,Production Technician I,MA,2351,12/02/78,F,Married,US Citizen,No,Black or African American,1/7/2013,,N/A - still employed,Active,Production,Brannon Miller,12,Pay Per Click - Google,Needs Improvement,3.88,4,0,1/18/2019,0,
"Dobrin, Denisa  S",10310,0,0,0,1,5,3,0,58275,0,19,Production Technician I,MA,2125,10/07/86,F,Single,US Citizen,Yes,White,4/2/2012,,N/A - still employed,Active,Production,David Stanley,14,Monster.com,Fully Meets,2.79,5,0,2/19/2019,0,
"Dolan, Linda",10197,1,1,0,1,3,3,0,53189,0,14,IT Support,MA,2119,07/18/88,F,Married,US Citizen,No,White,1/5/2015,,N/A - still employed,Active,IT/IS,Peter Monroe,7,Employee Referral,Fully Meets,4.11,4,6,2/25/2019,0,
"Dougall, Eric",10276,0,0,1,1,3,4,0,96820,0,13,IT Manager - Support,MA,1886,07/09/70,M,Single,US Citizen,No,White,1/5/2014,,N/A - still employed,Active,IT/IS,Jennifer Zamora,5,Professional Society,Exceeds,1.99,5,5,1/4/2019,0,
"Dunn, Amy  ",10304,0,0,0,1,5,3,0,51259,0,18,Production Manager,MA,1731,11/28/73,F,Single,US Citizen,No,White,9/18/2014,,N/A - still employed,Active,Production,Janet King,2,Search Engine - Google Bing Yahoo,Fully Meets,4.52,4,0,1/15/2019,0,
"Eaton, Marianne",10284,1,1,0,5,5,3,0,59231,1,19,Production Technician I,MA,2343,09/05/91,F,Married,US Citizen,No,White,4/4/2011,06/06/13,military,Voluntarily Terminated,Production,Kissy Sullivan,20,Search Engine - Google Bing Yahoo,Fully Meets,5,3,0,,,
"Engdahl, Jean",10207,0,0,1,1,5,3,0,61584,0,19,Production Technician I,MA,2026,05/31/74,M,Single,US Citizen,No,White,11/10/2014,,N/A - still employed,Active,Production,Kelley Spirea,18,MBTA ads,Fully Meets,1.86,5,0,2/13/2019,0,
"England, Rex",10133,1,1,1,1,5,3,0,46335,0,19,Production Technician I,MA,2045,08/25/78,M,Married,US Citizen,No,White,3/31/2014,,N/A - still employed,Active,Production,Kelley Spirea,18,Employee Referral,Fully Meets,2.05,3,0,1/11/2019,0,
"Erilus, Angela",10028,0,3,0,1,5,1,0,70621,0,20,Production Technician II,MA,2133,08/25/89,F,Separated,US Citizen,No,White,7/7/2014,,N/A - still employed,Active,Production,Michael Albert,22,Pay Per Click - Google,PIP,4.59,1,0,2/25/2019,0,
"Estremera, Miguel",10006,0,0,1,4,5,2,0,138888,1,19,Production Technician I,MA,2129,09/02/83,M,Single,US Citizen,No,White,4/2/2012,09/27/14,attendance,Terminated for Cause,Production,Michael Albert,22,Word of Mouth,Needs Improvement,5,4,0,,,
"Evensen, April",10105,0,0,0,4,5,2,0,74241,1,19,Production Technician I,MA,2458,05/06/89,F,Single,US Citizen,No,White,2/17/2014,02/25/14,"no-call, no-show",Terminated for Cause,Production,Elijiah Gray,16,Word of Mouth,Needs Improvement,1.04,3,0,,,
"Exantus, Susan",10211,1,1,0,4,4,2,0,75188,1,24,Software Engineer,MA,1749,05/15/87,F,Married,US Citizen,No,Black or African American,5/2/2011,06/05/13,attendance,Terminated for Cause,Software Engineering,Alex Sweetwater,10,Billboard,Needs Improvement,2.55,5,4,,,
"Faller, Megan ",10064,1,1,0,1,5,3,0,62514,0,20,Production Technician II,MA,1824,09/22/78,F,Married,US Citizen,No,Black or African American,7/7/2014,,N/A - still employed,Active,Production,Elijiah Gray,16,Professional Society,Fully Meets,1.49,5,0,2/22/2019,0,
"Fancett, Nicole",10247,0,0,0,1,5,3,0,60070,0,20,Production Technician II,MA,2324,09/27/87,F,Single,US Citizen,No,Black or African American,2/17/2014,,N/A - still employed,Active,Production,Webster Butler,,Newspager/Magazine,Fully Meets,4,4,0,1/7/2019,0,
"Favis, Donald  ",10235,0,0,1,4,3,3,0,48888,1,30,Enterprise Architect,CT,6033,07/30/64,M,Single,US Citizen,No,Black or African American,2/17/2014,02/19/16,hours,Terminated for Cause,IT/IS,Simon Roup,4,Vendor Referral,Fully Meets,2.94,5,7,,,
"Ferguson, Susan",10299,1,1,0,5,5,3,0,54285,1,19,Production Technician I,MA,2176,04/14/55,F,Married,US Citizen,No,White,11/7/2011,05/17/14,military,Voluntarily Terminated,Production,Webster Butler,39,Search Engine - Google Bing Yahoo,Fully Meets,3.13,3,0,,,
"Fernandes, Nilson  ",10280,1,1,1,1,5,1,0,56847,0,19,Production Technician I,MA,2132,10/18/89,M,Married,US Citizen,No,White,5/11/2015,,N/A - still employed,Active,Production,Amy Dunn,11,Professional Society,PIP,1.56,5,0,1/3/2019,0,
"Ferreira, Violeta",10296,0,0,0,1,5,3,0,60340,0,19,Production Technician I,MA,2176,06/10/86,F,Single,US Citizen,No,White,2/20/2012,,N/A - still employed,Active,Production,Ketsia Liebig,19,Newspager/Magazine,Fully Meets,1.85,4,0,1/7/2019,0,
"Fidelia,  Libby",10290,1,1,0,1,5,3,0,59124,0,19,Production Technician I,MA,2155,03/16/81,F,Married,US Citizen,No,White,1/9/2012,,N/A - still employed,Active,Production,Brannon Miller,12,Social Networks - Facebook Twitter etc,Fully Meets,5,5,0,1/29/2019,0,
"Fitzpatrick, Michael  J",10263,0,0,1,5,5,3,0,99280,1,20,Production Technician II,MA,2143,10/01/81,M,Single,US Citizen,Yes,White,5/16/2011,06/24/13,hours,Voluntarily Terminated,Production,Amy Dunn,11,Social Networks - Facebook Twitter etc,Fully Meets,4.76,5,0,,,
"Foreman, Tanya",10136,1,1,0,5,5,3,0,71776,1,20,Production Technician II,MA,2170,11/08/83,F,Married,US Citizen,No,White,4/4/2011,01/09/12,career change,Voluntarily Terminated,Production,Ketsia Liebig,19,Word of Mouth,Fully Meets,3.66,3,0,,,
"Foss, Jason",10189,0,0,1,1,3,4,0,65902,0,12,IT Director,MA,1460,07/05/80,M,Single,US Citizen,No,Black or African American,4/15/2011,,N/A - still employed,Active,IT/IS,Jennifer Zamora,5,Professional Society,Exceeds,3.76,5,5,1/7/2019,0,
"Foster-Baker, Amy",10308,1,1,0,1,1,3,0,57748,0,26,Sr. Accountant,MA,2050,04/16/79,F,Married,US Citizen,no,White,1/5/2009,,N/A - still employed,Active,Admin Offices,Board of Directors,9,Other,Fully Meets,5,3,2,2/8/2019,0,
"Fraval, Maruk ",10309,0,0,1,1,6,3,0,64057,0,3,Area Sales Manager,CT,6050,08/28/63,M,Single,US Citizen,No,Black or African American,9/6/2011,,N/A - still employed,Active,Sales,Lynn Daneault,21,Monster.com,Fully Meets,1.64,3,0,1/27/2019,0,
"Friedman, Gerry",10049,0,0,1,1,6,3,1,53366,0,3,Area Sales Manager,NY,10171,02/24/69,M,Single,US Citizen,Yes,Two or more races,3/7/2011,,N/A - still employed,Active,Sales,John Smith,17,Diversity Job Fair,Fully Meets,3.65,5,0,1/17/2019,0,
"Galia, Lisa",10093,0,0,0,1,3,3,0,58530,0,14,IT Support,CT,6040,07/06/68,F,Single,US Citizen,No,White,5/1/2010,,N/A - still employed,Active,IT/IS,Eric Dougall,6,Vendor Referral,Fully Meets,1.21,4,5,2/1/2019,0,
"Garcia, Raul",10163,0,0,1,1,5,3,0,72609,0,19,Production Technician I,MA,1905,09/15/85,M,Single,US Citizen,Yes,White,3/30/2015,,N/A - still employed,Active,Production,David Stanley,14,Employee Referral,Fully Meets,4.5,3,0,2/18/2019,0,
"Garneau, Hamish",10305,0,0,1,1,5,3,0,55965,0,19,Production Technician I,MA,1550,04/18/80,M,Single,US Citizen,No,Asian,7/8/2013,,N/A - still employed,Active,Production,Kissy Sullivan,20,Professional Society,Fully Meets,2.61,4,0,1/22/2019,0,
"Gaul, Barbara",10015,0,0,0,1,5,3,0,70187,0,19,Production Technician I,MA,2121,12/02/83,F,Single,US Citizen,Yes,Black or African American,5/16/2011,,N/A - still employed,Active,Production,Kelley Spirea,18,MBTA ads,Fully Meets,1.66,4,0,2/26/2019,0,
"Gentry, Mildred",10080,1,1,0,1,5,3,0,178000,0,19,Production Technician I,MA,2145,10/01/90,F,Married,US Citizen,No,Black or African American,3/30/2015,,N/A - still employed,Active,Production,Michael Albert,22,Professional Society,Fully Meets,3.73,3,0,1/16/2019,0,
"Gerke, Melisa",10258,0,2,0,5,5,3,1,99351,1,19,Production Technician I,MA,2330,05/15/70,F,Divorced,US Citizen,No,White,11/7/2011,11/15/11,hours,Voluntarily Terminated,Production,Elijiah Gray,16,Diversity Job Fair,Fully Meets,4.24,4,0,,,
"Gill, Whitney  ",10273,0,4,0,4,6,3,0,67251,1,3,Area Sales Manager,OH,43050,07/10/71,F,Widowed,US Citizen,No,Black or African American,7/7/2014,09/05/15,attendance,Terminated for Cause,Sales,John Smith,17,Monster.com,Fully Meets,3.97,4,0,,,
"Gilles, Alex",10111,1,1,1,5,5,2,1,65707,1,19,Production Technician I,MA,2062,08/09/74,M,Married,US Citizen,No,Black or African American,4/2/2012,06/25/15,military,Voluntarily Terminated,Production,Webster Butler,39,Diversity Job Fair,Needs Improvement,3.97,4,0,,,
"Girifalco, Evelyn",10257,0,0,0,1,5,4,0,52249,0,19,Production Technician I,MA,2451,05/08/80,F,Single,US Citizen,Yes,Two or more races,9/29/2014,,N/A - still employed,Active,Production,Amy Dunn,11,Professional Society,Exceeds,3.39,4,0,2/7/2019,0,
"Givens, Myriam",10159,0,0,0,1,6,3,0,53171,0,3,Area Sales Manager,IN,46204,09/22/89,F,Single,US Citizen,No,White,2/16/2015,,N/A - still employed,Active,Sales,Lynn Daneault,21,Pay Per Click - Google,Fully Meets,1.72,5,0,1/25/2019,0,
"Goble, Taisha",10122,0,0,0,4,3,3,0,51337,1,8,Database Administrator,MA,2127,10/23/71,F,Single,US Citizen,No,White,2/16/2015,03/15/15,"no-call, no-show",Terminated for Cause,IT/IS,Simon Roup,4,Glassdoor,Fully Meets,1.87,4,4,,,
"Gold, Shenice  ",10142,0,0,0,1,5,3,0,51505,0,19,Production Technician I,MA,2451,06/18/92,F,Single,US Citizen,Yes,White,11/11/2013,,N/A - still employed,Active,Production,Ketsia Liebig,19,Glassdoor,Fully Meets,1.94,5,0,2/18/2019,0,
"Gonzales, Ricardo",10283,1,1,1,1,6,3,0,59370,0,3,Area Sales Manager,ID,83706,10/12/54,M,Married,US Citizen,No,White,5/12/2014,,N/A - still employed,Active,Sales,John Smith,17,Monster.com,Fully Meets,3.98,3,0,1/28/2019,0,
"Gonzalez, Cayo",10018,0,2,1,1,5,4,1,54933,0,19,Production Technician I,MA,2108,09/29/69,M,Divorced,US Citizen,No,American Indian or Alaska Native,7/11/2011,,N/A - still employed,Active,Production,Brannon Miller,12,Diversity Job Fair,Exceeds,1.83,4,0,2/18/2019,0,
"Gonzalez, Juan",10255,1,1,1,5,5,1,1,57815,1,20,Production Technician II,MA,2128,10/12/64,M,Married,US Citizen,No,Black or African American,4/26/2010,05/30/11,career change,Voluntarily Terminated,Production,Brannon Miller,12,Diversity Job Fair,PIP,4.35,3,0,,,
"Gonzalez, Maria",10246,0,3,0,1,3,3,0,61555,0,14,IT Support,MA,2472,04/16/81,F,Separated,US Citizen,Yes,White,1/5/2015,,N/A - still employed,Active,IT/IS,Peter Monroe,7,Employee Referral,Fully Meets,4.61,4,5,1/28/2019,0,
"Good, Susan",10228,1,1,0,3,5,3,0,114800,0,20,Production Technician II,MA,1886,05/25/86,F,Married,US Citizen,No,White,5/12/2014,,N/A - still employed,Leave of Absence,Production,David Stanley,14,Professional Society,Fully Meets,2.04,3,0,2/7/2019,0,
"Gordon, David",10243,1,1,1,1,5,3,0,74679,0,19,Production Technician I,MA,2169,05/21/79,M,Married,US Citizen,No,White,7/2/2012,,N/A - still employed,Active,Production,David Stanley,14,MBTA ads,Fully Meets,5,3,0,1/14/2019,0,
"Gosciminski, Phylicia  ",10031,0,3,0,3,5,3,0,53018,0,20,Production Technician II,MA,1824,12/08/83,F,Separated,US Citizen,No,American Indian or Alaska Native,9/30/2013,,N/A - still employed,Leave of Absence,Production,Kissy Sullivan,20,Word of Mouth,Fully Meets,2.57,5,0,2/21/2019,0,
"Goyal, Roxana",10300,1,1,0,3,5,3,0,59892,0,19,Production Technician I,MA,1864,10/09/74,F,Married,US Citizen,No,Asian,8/19/2013,,N/A - still employed,Leave of Absence,Production,Kissy Sullivan,20,On-campus Recruiting,Fully Meets,1.71,5,0,2/15/2019,0,
"Gray, Elijiah  ",10101,0,2,1,1,5,3,0,68898,0,18,Production Manager,MA,1752,07/11/81,M,Divorced,US Citizen,No,White,6/2/2015,,N/A - still employed,Active,Production,Janet King,2,Employee Referral,Fully Meets,4.63,3,0,1/4/2019,0,
"Gross, Paula",10237,0,2,0,5,5,3,0,61242,1,19,Production Technician I,MA,2176,05/21/83,F,Divorced,US Citizen,No,White,2/21/2011,01/11/14,more money,Voluntarily Terminated,Production,Kelley Spirea,18,Monster.com,Fully Meets,5,5,0,,,
"Guilianno, Mike",10051,0,0,1,5,6,3,0,66825,1,3,Area Sales Manager,TN,37129,02/09/69,M,Single,US Citizen,No,Two or more races,3/7/2011,10/31/14,relocation out of area,Voluntarily Terminated,Sales,John Smith,17,Newspager/Magazine,Fully Meets,4.5,5,0,,,
"Handschiegl, Joanne",10218,1,1,0,1,5,3,0,48285,0,19,Production Technician I,MA,2127,03/23/77,F,Married,US Citizen,No,White,11/28/2011,,N/A - still employed,Active,Production,Michael Albert,22,Word of Mouth,Fully Meets,4.2,4,0,2/22/2019,0,
"Hankard, Earnest",10256,0,0,1,1,5,3,0,66149,0,20,Production Technician II,MA,2155,08/10/88,M,Single,US Citizen,Yes,White,11/11/2013,,N/A - still employed,Active,Production,Kelley Spirea,18,Newspager/Magazine,Fully Meets,5,3,0,1/8/2019,0,
"Harrell, Ludwick",10098,1,1,1,1,5,3,0,49256,0,19,Production Technician I,MA,1776,09/02/82,M,Married,US Citizen,No,Asian,5/14/2012,,N/A - still employed,Active,Production,Elijiah Gray,16,Search Engine - Google Bing Yahoo,Fully Meets,1.83,3,0,2/22/2019,0,
"Harrington, Christie ",10059,0,0,0,5,5,3,0,62957,1,19,Production Technician I,MA,2324,08/18/52,F,Single,US Citizen,No,White,1/9/2012,12/15/15,retiring,Voluntarily Terminated,Production,Webster Butler,39,Monster.com,Fully Meets,4.64,4,0,,,
"Harrison, Kara",10234,1,1,0,1,5,4,0,63813,0,19,Production Technician I,MA,1886,05/02/74,F,Married,US Citizen,No,White,5/12/2014,,N/A - still employed,Active,Production,Amy Dunn,11,Monster.com,Exceeds,4.76,4,0,2/15/2019,0,
"Heitzman, Anthony",10109,0,0,1,1,5,3,0,99020,0,19,Production Technician I,MA,2149,01/04/84,M,Single,US Citizen,No,White,8/13/2012,,N/A - still employed,Active,Production,Ketsia Liebig,19,Social Networks - Facebook Twitter etc,Fully Meets,4.17,4,0,2/11/2019,0,
"Hendrickson, Trina",10125,0,0,0,5,5,3,0,71707,1,20,Production Technician II,MA,2021,08/27/72,F,Single,US Citizen,No,White,1/10/2011,02/18/13,hours,Voluntarily Terminated,Production,Kelley Spirea,18,Monster.com,Fully Meets,5,3,0,,,
"Hernandez, Daniff",10074,1,1,1,4,3,3,0,54828,1,8,Database Administrator,MA,1960,08/07/86,M,Married,US Citizen,No,Black or African American,2/16/2015,02/22/15,"no-call, no-show",Terminated for Cause,IT/IS,Simon Roup,4,Employee Referral,Fully Meets,4.33,3,7,,,
"Hogland, Jonathan ",10097,1,1,1,4,5,3,0,64246,1,18,Production Manager,MA,1890,07/01/72,M,Married,US Citizen,No,White,1/10/2011,12/12/15,attendance,Terminated for Cause,Production,Janet King,2,Employee Referral,Fully Meets,4.78,4,0,,,
"Homberger, Adrienne  J",10007,1,1,0,5,5,3,0,52177,1,20,Production Technician II,MA,2445,02/16/84,F,Married,Non-Citizen,No,White,8/15/2011,04/07/12,relocation out of area,Voluntarily Terminated,Production,Michael Albert,30,Glassdoor,Fully Meets,3.03,5,0,,,
"Horton, Jayne",10129,0,0,0,1,3,3,0,62065,0,8,Database Administrator,MA,2493,02/21/84,F,Single,US Citizen,No,White,3/30/2015,,N/A - still employed,Active,IT/IS,Simon Roup,4,Glassdoor,Fully Meets,4.48,5,6,1/3/2019,0,
"Houlihan, Debra",10075,1,1,0,1,6,3,0,46998,0,11,Director of Sales,RI,2908,03/17/66,F,Married,US Citizen,No,White,5/5/2014,,N/A - still employed,Active,Sales,Janet King,2,MBTA ads,Fully Meets,1.22,4,0,1/21/2019,0,
"Howard, Estelle",10167,1,1,0,1,1,3,0,68099,1,2,Administrative Assistant,MA,2170,09/16/85,F,Married,US Citizen,No,White,2/16/2015,04/15/15,,Terminated for Cause,Admin Offices,Brandon R. LeBlanc,1,Pay Per Click - Google,Fully Meets,3.24,3,4,,,
"Hubert, Robert",10195,1,1,1,1,3,3,0,70545,0,4,BI Developer,MA,2134,06/30/89,M,Married,US Citizen,No,Black or African American,4/20/2017,,N/A - still employed,Active,IT/IS,Brian Champaigne,13,Indeed,Fully Meets,2.06,5,5,1/28/2019,0,
"Hunts, Julissa",10112,0,0,0,2,5,3,0,63478,0,20,Production Technician II,MA,2021,03/11/84,F,Single,US Citizen,No,White,6/6/2016,,N/A - Has not started yet,Future Start,Production,Elijiah Gray,16,Vendor Referral,Fully Meets,2.92,5,0,1/18/2019,0,
"Hutter, Rosalie",10272,0,3,0,2,5,3,0,97999,0,20,Production Technician II,MA,2351,05/07/92,F,Separated,US Citizen,No,White,6/5/2015,,N/A - Has not started yet,Future Start,Production,Webster Butler,,Other,Fully Meets,2.63,3,0,2/14/2019,0,
"Huynh, Ming",10182,0,2,0,5,5,3,0,180000,1,20,Production Technician II,MA,1742,09/22/76,F,Divorced,US Citizen,No,White,2/21/2011,04/01/13,unhappy,Voluntarily Terminated,Production,Amy Dunn,11,Search Engine - Google Bing Yahoo,Fully Meets,3.72,3,0,,,
"Immediato, Walter",10248,1,1,1,5,5,2,0,49920,1,18,Production Manager,MA,2128,11/15/76,M,Married,US Citizen,No,Asian,2/21/2011,09/24/12,unhappy,Voluntarily Terminated,Production,Janet King,2,Other,Needs Improvement,2.34,2,0,,,
"Ivey, Rose ",10201,0,0,0,1,5,3,0,55425,0,19,Production Technician I,MA,1775,01/28/91,F,Single,US Citizen,No,White,8/19/2013,,N/A - still employed,Active,Production,Brannon Miller,12,Professional Society,Fully Meets,3.99,3,0,1/14/2019,0,
"Jackson, Maryellen",10214,0,0,0,1,5,3,0,69340,0,19,Production Technician I,MA,2081,09/11/72,F,Single,US Citizen,No,White,11/5/2012,,N/A - still employed,Active,Production,David Stanley,14,Newspager/Magazine,Fully Meets,2.32,3,0,1/17/2019,0,
"Jacobi, Hannah  ",10160,0,2,0,1,5,3,0,64995,0,19,Production Technician I,MA,1778,03/22/66,F,Divorced,US Citizen,No,White,9/30/2013,,N/A - still employed,Active,Production,Kissy Sullivan,20,Employee Referral,Fully Meets,2.05,5,0,2/22/2019,0,
"Jeannite, Tayana",10289,0,2,0,1,5,4,0,68182,0,20,Production Technician II,MA,1821,11/06/86,F,Divorced,US Citizen,No,American Indian or Alaska Native,7/5/2011,,N/A - still employed,Active,Production,Ketsia Liebig,19,MBTA ads,Exceeds,4.6,4,0,2/25/2019,0,
Jeremy Prater,10139,1,1,1,1,6,1,0,83082,0,3,Area Sales Manager,NV,89139,05/09/74,M,Married,US Citizen,No,White,5/12/2014,,N/A - still employed,Active,Sales,Lynn Daneault,21,Website Banner Ads,PIP,1.81,2,0,1/17/2019,0,
"Jhaveri, Sneha  ",10227,0,3,0,1,5,3,0,51908,0,19,Production Technician I,MA,2109,04/13/64,F,Separated,US Citizen,No,White,1/6/2014,,N/A - still employed,Active,Production,Kelley Spirea,18,On-campus Recruiting,Fully Meets,5,5,0,1/21/2019,0,
"Johnson, George",10236,1,1,1,5,5,4,0,61242,1,19,Production Technician I,MA,2445,08/19/59,M,Married,US Citizen,No,White,11/7/2011,04/29/16,more money,Voluntarily Terminated,Production,Michael Albert,22,Monster.com,Exceeds,1.65,4,0,,,
"Johnson, Noelle ",10009,1,1,0,3,3,3,0,45069,0,8,Database Administrator,MA,2301,11/07/86,F,Married,US Citizen,No,Asian,1/5/2015,,N/A - still employed,Leave of Absence,IT/IS,Simon Roup,4,Glassdoor,Fully Meets,3.75,3,5,2/11/2019,0,
"Johnston, Yen",10060,0,0,0,1,5,4,0,60724,0,20,Production Technician II,MA,2128,09/08/69,F,Single,US Citizen,No,White,7/7/2014,,N/A - still employed,Active,Production,Brannon Miller,12,Professional Society,Exceeds,1.51,3,0,1/11/2019,0,
"Jung, Judy  ",10034,1,1,0,5,5,3,0,60436,1,19,Production Technician I,MA,2446,04/17/86,F,Married,US Citizen,No,White,1/10/2011,04/01/16,unhappy,Voluntarily Terminated,Production,Elijiah Gray,16,Monster.com,Fully Meets,4,4,0,,,
"Kampew, Donysha",10156,0,0,0,5,6,3,0,46837,1,21,Sales Manager,PA,19444,11/11/89,F,Single,US Citizen,No,White,11/7/2011,04/24/14,maternity leave - did not return,Voluntarily Terminated,Sales,Debra Houlihan,15,Social Networks - Facebook Twitter etc,Fully Meets,1.9,5,0,,,
"Keatts, Kramer ",10036,0,0,1,1,5,3,0,105700,0,19,Production Technician I,MA,1887,01/19/76,M,Single,US Citizen,No,White,9/30/2013,,N/A - still employed,Active,Production,Michael Albert,22,Billboard,Fully Meets,3.07,4,0,1/23/2019,0,
"Khemmich, Bartholemew",10138,0,0,1,1,6,3,0,63322,0,3,Area Sales Manager,CO,80820,11/27/79,M,Single,US Citizen,No,White,8/19/2013,,N/A - still employed,Active,Sales,Lynn Daneault,21,Pay Per Click - Google,Fully Meets,2.19,5,0,1/22/2019,0,
"King, Janet",10244,1,1,0,1,2,3,0,61154,0,16,President & CEO,MA,1902,09/21/54,F,Married,US Citizen,Yes,White,7/2/2012,,N/A - still employed,Active,Executive Office,Board of Directors,9,Pay Per Click - Google,Fully Meets,4.83,3,0,1/17/2019,0,
"Kinsella, Kathleen  ",10192,1,1,0,5,5,3,0,68999,1,19,Production Technician I,MA,2170,12/08/73,F,Married,US Citizen,No,White,9/26/2011,06/04/15,more money,Voluntarily Terminated,Production,Webster Butler,39,Search Engine - Google Bing Yahoo,Fully Meets,3.6,5,0,,,
"Kirill, Alexandra  ",10231,1,1,0,5,5,3,0,50482,1,19,Production Technician I,MA,2127,10/08/70,F,Married,US Citizen,No,White,9/26/2011,01/09/12,more money,Voluntarily Terminated,Production,Amy Dunn,11,Search Engine - Google Bing Yahoo,Fully Meets,3.49,4,0,,,
"Knapp, Bradley  J",10089,0,0,1,1,5,3,0,65310,0,19,Production Technician I,MA,1721,11/10/77,M,Single,US Citizen,No,Black or African American,2/17/2014,,N/A - still employed,Active,Production,Ketsia Liebig,19,On-campus Recruiting,Fully Meets,2.79,3,0,2/6/2019,0,
"Kretschmer, John",10166,1,1,1,1,5,3,0,250000,0,19,Production Technician I,MA,1801,02/02/80,M,Married,US Citizen,No,Asian,1/10/2011,,N/A - still employed,Active,Production,Brannon Miller,12,Pay Per Click - Google,Fully Meets,3.38,3,0,1/21/2019,0,
"Lajiri,  Jyoti",10170,1,1,1,3,3,3,0,54005,0,28,Sr. Network Engineer,MA,2169,04/23/86,M,Married,US Citizen,No,White,11/10/2014,,N/A - still employed,Leave of Absence,IT/IS,Peter Monroe,7,Employee Referral,Fully Meets,4.46,5,6,1/7/2019,0,
"Langford, Lindsey",10208,0,2,0,5,5,3,0,45433,1,20,Production Technician II,MA,2090,07/25/79,F,Divorced,US Citizen,No,Asian,1/7/2013,03/31/14,Another position,Voluntarily Terminated,Production,David Stanley,14,Glassdoor,Fully Meets,4.52,3,0,,,
"Langton, Enrico",10176,1,1,1,1,5,3,0,46654,0,19,Production Technician I,MA,2048,12/09/86,M,Married,US Citizen,No,White,7/9/2012,,N/A - still employed,Active,Production,David Stanley,14,Newspager/Magazine,Fully Meets,5,5,0,2/4/2019,0,
"LaRotonda, William  ",10165,0,2,1,1,1,3,0,63973,0,1,Accountant I,MA,1460,04/26/84,M,Divorced,US Citizen,No,Black or African American,1/6/2014,,N/A - still employed,Active,Admin Offices,Brandon R. LeBlanc,1,Website Banner Ads,Fully Meets,5,4,4,1/17/2019,0,
"Latif, Mohammed",10113,1,1,1,5,5,3,0,71339,1,20,Production Technician II,MA,2126,05/09/84,M,Married,US Citizen,No,White,4/2/2012,04/15/13,more money,Voluntarily Terminated,Production,Kissy Sullivan,20,Word of Mouth,Fully Meets,1.84,3,0,,,
"Le, Binh",10092,0,0,0,1,3,3,0,93206,0,22,Senior BI Developer,MA,1886,06/14/87,F,Single,US Citizen,No,Asian,10/2/2016,,N/A - still employed,Active,IT/IS,Brian Champaigne,13,Indeed,Fully Meets,2.09,5,7,1/8/2019,0,
"Leach, Dallas",10106,0,0,0,5,5,3,0,82758,1,19,Production Technician I,MA,1810,01/17/79,F,Single,US Citizen,No,Asian,9/26/2011,08/19/13,return to school,Voluntarily Terminated,Production,Kissy Sullivan,20,Monster.com,Fully Meets,4.88,3,0,,,
"LeBel, Jonathan  R",10052,0,0,1,4,5,3,0,66074,1,19,Production Technician I,MA,2050,10/18/81,M,Single,US Citizen,No,White,2/21/2011,08/04/11,attendance,Terminated for Cause,Production,Kelley Spirea,18,Social Networks - Facebook Twitter etc,Fully Meets,5,4,0,,,
"LeBlanc, Brandon  R",10038,1,1,1,1,1,3,0,46120,0,23,Shared Services Manager,MA,1460,06/10/84,M,Married,US Citizen,No,White,1/5/2016,,N/A - still employed,Active,Admin Offices,Janet King,2,Monster.com,Fully Meets,1.95,4,0,1/28/2019,0,
"Leruth, Giovanni",10249,0,3,1,1,6,3,0,64520,0,3,Area Sales Manager,UT,84111,12/27/88,M,Separated,US Citizen,No,Black or African American,4/30/2012,,N/A - still employed,Active,Sales,John Smith,17,Website Banner Ads,Fully Meets,4.53,3,0,1/29/2019,0,
"Liebig, Ketsia",10232,1,1,0,1,5,4,0,61962,0,18,Production Manager,MA,2110,10/26/81,F,Married,US Citizen,No,White,9/30/2013,,N/A - still employed,Active,Production,Janet King,2,Website Banner Ads,Exceeds,3.66,3,0,1/21/2019,0,
"Linares, Marilyn ",10087,1,1,0,5,5,3,0,81584,1,19,Production Technician I,MA,1886,03/26/81,F,Married,US Citizen,No,White,7/5/2011,09/26/11,unhappy,Voluntarily Terminated,Production,Michael Albert,22,Internet Search,Fully Meets,3.18,4,0,,,
"Linden, Mathew",10134,1,1,1,3,5,3,0,63676,0,20,Production Technician II,MA,1770,03/19/79,M,Married,US Citizen,No,White,7/8/2013,,N/A - still employed,Leave of Absence,Production,Kelley Spirea,18,Information Session,Fully Meets,4,3,0,2/18/2019,0,
"Lindsay, Leonara ",10251,0,0,0,1,3,4,1,93046,0,14,IT Support,CT,6070,10/05/88,F,Single,US Citizen,Yes,Two or more races,1/21/2011,,N/A - still employed,Active,IT/IS,Eric Dougall,6,Diversity Job Fair,Exceeds,4.64,4,5,1/25/2019,0,
"Lundy, Susan",10103,0,4,0,5,5,3,0,64738,1,20,Production Technician II,MA,2122,12/26/76,F,Widowed,US Citizen,No,White,7/8/2013,09/15/13,more money,Voluntarily Terminated,Production,Michael Albert,22,On-campus Recruiting,Fully Meets,4.65,4,0,,,
"Lunquist, Lisa",10017,0,0,0,1,5,4,0,70468,0,20,Production Technician II,MA,2324,03/28/82,F,Single,US Citizen,No,Black or African American,8/19/2013,,N/A - still employed,Active,Production,Elijiah Gray,16,Glassdoor,Exceeds,1.64,4,0,2/12/2019,0,
"Lydon, Allison",10186,1,1,0,3,5,3,0,77915,0,19,Production Technician I,MA,2122,10/22/75,F,Married,US Citizen,No,Black or African American,2/16/2015,,N/A - still employed,Leave of Absence,Production,Elijiah Gray,16,Website Banner Ads,Fully Meets,5,3,0,1/23/2019,0,
"Lynch, Lindsay",10137,0,0,0,5,5,4,1,52624,1,19,Production Technician I,MA,1844,02/14/73,F,Single,US Citizen,Yes,Two or more races,11/7/2011,11/14/15,Another position,Voluntarily Terminated,Production,Webster Butler,39,Diversity Job Fair,Exceeds,5,4,0,,,
"MacLennan, Samuel",10008,0,4,1,5,5,3,0,63450,1,19,Production Technician I,MA,1938,11/09/72,M,Widowed,US Citizen,No,White,9/24/2012,09/26/12,hours,Voluntarily Terminated,Production,Amy Dunn,11,Pay Per Click,Fully Meets,3.08,4,0,,,
"Mahoney, Lauren  ",10096,0,0,0,1,5,3,0,51777,0,19,Production Technician I,MA,2189,07/07/86,F,Single,US Citizen,No,White,1/6/2014,,N/A - still employed,Active,Production,Ketsia Liebig,19,Newspager/Magazine,Fully Meets,2.55,4,0,2/26/2019,0,
"Manchester, Robyn",10035,1,1,0,2,5,3,0,67237,0,20,Production Technician II,MA,2324,08/25/76,F,Married,US Citizen,No,White,5/11/2016,,N/A - Has not started yet,Future Start,Production,Webster Butler,,Vendor Referral,Fully Meets,5,3,0,1/21/2019,0,
"Mancuso, Karen",10057,1,1,0,5,5,3,0,73330,1,20,Production Technician II,MA,2176,12/10/86,F,Married,US Citizen,No,Two or more races,7/5/2011,08/19/11,Another position,Voluntarily Terminated,Production,Amy Dunn,11,Newspager/Magazine,Fully Meets,5,4,0,,,
"Mangal, Debbie",10004,1,1,0,1,5,3,0,52057,0,19,Production Technician I,MA,2451,11/07/74,F,Married,US Citizen,No,White,11/11/2013,,N/A - still employed,Active,Production,Brannon Miller,12,On-campus Recruiting,Fully Meets,1.04,3,0,1/22/2019,0,
"Martin, Sandra",10191,0,0,0,1,4,3,0,47434,0,24,Software Engineer,MA,2135,11/07/87,F,Single,US Citizen,No,Asian,11/11/2013,,N/A - still employed,Active,Software Engineering,Alex Sweetwater,10,Search Engine - Google Bing Yahoo,Fully Meets,1.53,5,4,1/14/2019,0,
"Martins, Joseph",10219,0,0,1,1,6,3,0,52788,0,3,Area Sales Manager,TX,78207,06/11/70,M,Single,Eligible NonCitizen,No,Black or African American,5/14/2012,,N/A - still employed,Active,Sales,Lynn Daneault,21,Employee Referral,Fully Meets,2.94,5,0,1/19/2019,0,
"Maurice, Shana",10077,1,1,0,1,5,3,0,45395,0,19,Production Technician I,MA,2330,11/22/77,F,Married,US Citizen,No,White,5/31/2011,,N/A - still employed,Active,Production,David Stanley,14,Other,Fully Meets,5,4,0,1/10/2019,0,
"McCarthy, Brigit",10073,0,0,0,1,5,3,0,62385,0,20,Production Technician II,MA,2149,05/21/87,F,Single,US Citizen,No,White,3/30/2015,,N/A - still employed,Active,Production,Ketsia Liebig,19,Newspager/Magazine,Fully Meets,5,5,0,2/7/2019,0,
"Mckenna, Sandy",10279,1,1,0,1,5,3,0,68407,0,19,Production Technician I,MA,2184,01/07/87,F,Married,US Citizen,No,Black or African American,1/7/2013,,N/A - still employed,Active,Production,Kissy Sullivan,20,Monster.com,Fully Meets,3.93,3,0,1/30/2019,0,
"McKinzie, Jac",10110,1,1,1,2,6,3,0,61349,0,3,Area Sales Manager,TX,78789,07/01/84,M,Married,US Citizen,No,Two or more races,7/6/2016,,N/A - Has not started yet,Future Start,Sales,Lynn Daneault,21,Website Banner Ads,Fully Meets,2.91,4,0,1/29/2019,0,
"Meads, Elizabeth",10053,0,0,0,5,5,3,1,105688,1,19,Production Technician I,MA,1760,05/30/68,F,Single,US Citizen,No,Black or African American,4/2/2012,11/11/15,Another position,Voluntarily Terminated,Production,Kelley Spirea,18,Diversity Job Fair,Fully Meets,4.18,4,0,,,
"Medeiros, Jennifer",10076,0,0,0,1,5,3,0,54132,0,19,Production Technician I,MA,2346,09/22/76,F,Single,US Citizen,No,White,3/30/2015,,N/A - still employed,Active,Production,Michael Albert,22,Monster.com,Fully Meets,5,4,0,1/21/2019,0,
"Merlos, Carlos",10145,0,0,1,1,3,1,0,55315,0,15,Network Engineer,MA,2138,06/18/87,M,Single,US Citizen,No,White,3/30/2015,,N/A - still employed,Active,IT/IS,Peter Monroe,7,Vendor Referral,PIP,1.2,3,6,2/4/2019,0,
"Miller, Brannon",10202,0,0,1,1,5,3,0,62810,0,18,Production Manager,MA,2045,08/10/81,M,Single,US Citizen,yes,Hispanic,8/16/2012,,N/A - still employed,Active,Production,Janet King,2,Internet Search,Fully Meets,4.37,3,0,1/14/2019,0,
"Miller, Ned",10128,0,0,1,5,5,1,0,63291,1,20,Production Technician II,MA,2472,06/29/85,M,Single,US Citizen,No,White,8/15/2011,09/04/14,unhappy,Voluntarily Terminated,Production,Brannon Miller,12,MBTA ads,PIP,5,2,0,,,
"Monkfish, Erasumus",10068,1,1,1,1,5,3,0,62659,0,20,Production Technician II,MA,1450,08/17/92,M,Married,US Citizen,No,White,11/7/2011,,N/A - still employed,Active,Production,David Stanley,14,Professional Society,Fully Meets,2.67,3,0,1/8/2019,0,
"Monroe, Peter",10116,1,1,1,1,3,2,1,55688,0,13,IT Manager - Infra,MA,2134,10/05/86,M,Married,Eligible NonCitizen,Yes,Hispanic,2/15/2012,,N/A - still employed,Active,IT/IS,Jennifer Zamora,5,Diversity Job Fair,Needs Improvement,2.39,3,6,2/22/2019,0,
"Monterro, Luisa",10298,0,0,0,1,5,4,0,83667,0,20,Production Technician II,MA,2126,04/24/70,F,Single,US Citizen,No,Black or African American,5/13/2013,,N/A - still employed,Active,Production,Kissy Sullivan,20,Billboard,Exceeds,2.55,3,0,1/14/2019,0,
"Moran, Patrick",10213,0,0,1,3,5,3,1,55800,0,20,Production Technician II,MA,2127,12/03/76,M,Single,US Citizen,No,Hispanic,1/9/2012,,N/A - still employed,Leave of Absence,Production,Kelley Spirea,18,Diversity Job Fair,Fully Meets,2.5,4,0,1/31/2019,0,
"Morway, Tanya",10288,1,1,0,1,3,3,0,58207,0,15,Network Engineer,MA,2048,04/04/79,F,Married,US Citizen,No,White,2/16/2015,,N/A - still employed,Active,IT/IS,Peter Monroe,7,Monster.com,Fully Meets,3.81,3,6,2/11/2019,0,
"Motlagh,  Dawn",10025,0,2,0,1,5,3,0,157000,0,19,Production Technician I,MA,2453,07/07/84,F,Divorced,US Citizen,No,White,4/1/2013,,N/A - still employed,Active,Production,Elijiah Gray,16,MBTA ads,Fully Meets,1.76,4,0,1/17/2019,0,
"Moumanil, Maliki ",10223,0,3,1,1,5,3,0,72460,0,20,Production Technician II,MA,1460,12/01/74,M,Separated,US Citizen,No,Black or African American,5/13/2013,,N/A - still employed,Active,Production,Michael Albert,22,On-campus Recruiting,Fully Meets,4.29,5,0,1/28/2019,0,
"Mullaney, Howard",10151,0,0,1,1,6,1,0,72106,0,3,Area Sales Manager,AL,36006,11/02/75,M,Single,US Citizen,No,Two or more races,9/29/2014,,N/A - still employed,Active,Sales,John Smith,17,Internet Search,PIP,1.93,3,0,1/30/2019,0,
"Murray, Thomas",10254,0,2,1,1,3,4,1,52599,0,9,Data Analyst,TX,78230,07/04/88,M,Divorced,US Citizen,No,Black or African American,11/10/2014,,N/A - still employed,Active,IT/IS,Simon Roup,4,Diversity Job Fair,Exceeds,4.28,4,5,2/25/2019,0,
"Navathe, Kurt",10120,0,0,1,1,3,3,0,63430,0,22,Senior BI Developer,MA,2056,04/25/70,M,Single,US Citizen,No,Asian,2/10/2017,,N/A - still employed,Active,IT/IS,Brian Champaigne,13,Indeed,Fully Meets,5,3,6,2/25/2019,0,
"Ndzi, Colombui",10216,0,0,1,5,5,3,1,74417,1,19,Production Technician I,MA,2110,05/02/89,M,Single,US Citizen,No,Black or African American,9/26/2011,04/04/14,return to school,Voluntarily Terminated,Production,Webster Butler,39,Diversity Job Fair,Fully Meets,2.61,3,0,,,
"Ndzi, Horia",10079,1,1,1,5,5,3,0,57575,1,19,Production Technician I,MA,2421,03/28/83,M,Married,US Citizen,No,White,4/1/2013,05/25/16,more money,Voluntarily Terminated,Production,Amy Dunn,11,Employee Referral,Fully Meets,3.18,3,0,,,
"Newman, Richard ",10215,1,1,1,3,5,3,0,87921,0,19,Production Technician I,MA,2136,04/08/77,M,Married,US Citizen,No,White,5/12/2014,,N/A - still employed,Leave of Absence,Production,Ketsia Liebig,19,On-campus Recruiting,Fully Meets,5,5,0,2/18/2019,0,
"Ngodup, Shari ",10185,0,3,0,1,5,4,1,50470,0,19,Production Technician I,MA,1810,06/03/67,F,Separated,US Citizen,No,Asian,4/1/2013,,N/A - still employed,Active,Production,Brannon Miller,12,Diversity Job Fair,Exceeds,1.12,3,0,2/13/2019,0,
"Nguyen, Dheepa",10063,0,0,0,1,6,3,0,46664,0,3,Area Sales Manager,GA,30428,03/31/89,F,Single,US Citizen,No,Two or more races,7/8/2013,,N/A - still employed,Active,Sales,Lynn Daneault,21,Pay Per Click - Google,Fully Meets,5,5,0,1/25/2019,0,
"Nguyen, Lei-Ming",10037,0,0,0,1,5,3,0,48495,0,19,Production Technician I,MA,2132,07/07/84,F,Single,US Citizen,No,White,7/8/2013,,N/A - still employed,Active,Production,David Stanley,14,Vendor Referral,Fully Meets,2.79,5,0,1/2/2019,0,
"Nowlan, Kristie",10042,0,0,0,1,5,3,0,52984,0,20,Production Technician II,MA,1040,11/23/85,F,Single,US Citizen,No,White,11/10/2014,,N/A - still employed,Active,Production,Elijiah Gray,16,Glassdoor,Fully Meets,4.53,5,0,1/16/2019,0,
"O'hare, Lynn",10206,0,0,0,4,5,1,0,63695,1,19,Production Technician I,MA,2152,09/30/80,F,Single,US Citizen,No,Two or more races,3/31/2014,05/01/16,performance,Terminated for Cause,Production,Kissy Sullivan,20,Professional Society,PIP,3.09,2,0,,,
"Oliver, Brooke ",10104,1,1,0,5,5,3,0,62061,1,20,Production Technician II,MA,2492,02/11/52,F,Married,US Citizen,No,Asian,5/14/2012,08/19/13,unhappy,Voluntarily Terminated,Production,Webster Butler,39,Newspager/Magazine,Fully Meets,5,3,0,,,
"Onque, Jasmine",10303,0,0,0,1,6,3,0,66738,0,3,Area Sales Manager,FL,33174,05/11/90,F,Single,US Citizen,Yes,White,9/30/2013,,N/A - still employed,Active,Sales,Lynn Daneault,21,Pay Per Click - Google,Fully Meets,4.28,3,0,1/25/2019,0,
"Osturnka, Adeel",10078,1,1,1,1,5,4,0,52674,0,19,Production Technician I,MA,2478,12/11/76,M,Married,US Citizen,No,White,9/30/2013,,N/A - still employed,Active,Production,Kelley Spirea,18,On-campus Recruiting,Exceeds,2.86,3,0,2/7/2019,0,
"Owad, Clinton",10121,0,0,1,1,5,2,0,71966,0,19,Production Technician I,MA,1760,11/24/79,M,Single,US Citizen,No,Black or African American,2/17/2014,,N/A - still employed,Active,Production,Michael Albert,22,MBTA ads,Needs Improvement,4.25,3,0,2/4/2019,0,
"Ozark, Travis",10021,0,0,1,1,6,3,0,63051,0,3,Area Sales Manager,NC,27229,05/19/82,M,Single,US Citizen,No,White,1/5/2015,,N/A - still employed,Active,Sales,John Smith,17,Website Banner Ads,Fully Meets,5,5,0,1/14/2019,0,
"Panjwani, Nina",10281,1,1,0,5,5,3,0,47414,1,19,Production Technician I,MA,2351,05/01/79,F,Married,US Citizen,No,White,2/7/2011,01/12/14,Another position,Voluntarily Terminated,Production,Elijiah Gray,16,Social Networks - Facebook Twitter etc,Fully Meets,3.89,4,0,,,
"Patronick, Luke",10041,0,0,1,5,4,4,1,53060,1,24,Software Engineer,MA,1844,02/20/79,M,Single,US Citizen,No,Asian,11/7/2011,09/07/15,Another position,Voluntarily Terminated,Software Engineering,Alex Sweetwater,10,Diversity Job Fair,Exceeds,1.1,5,3,,,
"Pearson, Randall",10148,1,1,1,5,3,3,0,68829,1,9,Data Analyst,MA,2747,09/05/84,M,Married,US Citizen,No,White,12/1/2014,05/01/16,performance,Voluntarily Terminated,IT/IS,Simon Roup,4,Employee Referral,Fully Meets,1.62,4,5,,,
"Pelech, Emil",10005,0,0,1,5,5,2,0,63515,1,19,Production Technician I,MA,2458,03/17/88,M,Single,US Citizen,No,Black or African American,1/10/2011,12/28/12,career change,Voluntarily Terminated,Production,Webster Butler,39,Search Engine - Google Bing Yahoo,Needs Improvement,3.54,5,0,,,
"Pelletier, Ermine",10259,1,1,0,5,5,2,0,108987,1,20,Production Technician II,MA,2472,07/18/89,F,Married,US Citizen,No,Asian,7/5/2011,09/15/11,unhappy,Voluntarily Terminated,Production,Amy Dunn,11,Monster.com,Needs Improvement,1.03,5,0,,,
"Perry, Shakira",10286,0,0,0,5,5,3,0,93093,1,19,Production Technician I,MA,2176,07/20/86,F,Single,US Citizen,No,White,5/16/2011,10/25/15,medical issues,Voluntarily Terminated,Production,Amy Dunn,11,MBTA ads,Fully Meets,3.45,4,0,,,
"Peters, Lauren",10297,1,1,0,5,5,4,0,53564,1,20,Production Technician II,MA,1886,08/17/86,F,Married,US Citizen,No,White,5/16/2011,02/04/12,more money,Voluntarily Terminated,Production,Ketsia Liebig,19,Pay Per Click - Google,Exceeds,1.79,5,0,,,
"Peterson, Ebonee  ",10171,1,1,0,5,5,3,0,60270,1,18,Production Manager,MA,2030,05/09/77,F,Married,US Citizen,No,White,10/25/2010,05/18/16,Another position,Voluntarily Terminated,Production,Janet King,2,Internet Search,Fully Meets,4.16,5,0,,,
"Peterson, Kayla ",10032,1,1,0,1,5,3,0,45998,0,19,Production Technician I,MA,1749,09/23/73,F,Married,US Citizen,No,White,4/26/2010,,N/A - still employed,Active,Production,Ketsia Liebig,19,Search Engine - Google Bing Yahoo,Fully Meets,2.72,3,0,1/21/2019,0,
"Petingill, Shana  ",10130,1,1,0,1,5,3,0,57954,0,20,Production Technician II,MA,2050,03/10/79,F,Married,Eligible NonCitizen,No,Asian,4/2/2012,,N/A - still employed,Active,Production,Brannon Miller,12,MBTA ads,Fully Meets,2.61,3,0,1/14/2019,0,
"Petrowsky, Thelma",10217,1,1,0,1,3,4,0,74669,0,9,Data Analyst,MA,1886,09/16/84,F,Married,US Citizen,No,Asian,11/10/2014,,N/A - still employed,Active,IT/IS,Simon Roup,4,Employee Referral,Exceeds,3.71,5,7,1/4/2019,0,
"Pham, Hong",10016,1,1,1,5,5,3,0,74226,1,19,Production Technician I,MA,2451,03/06/88,M,Married,US Citizen,No,White,7/5/2011,11/30/12,more money,Voluntarily Terminated,Production,Brannon Miller,12,Search Engine - Google Bing Yahoo,Fully Meets,5,3,0,,,
"Pitt, Brad ",10050,0,0,1,1,5,3,0,93554,0,19,Production Technician I,MA,2451,11/23/81,M,Single,US Citizen,No,Black or African American,11/5/2007,,N/A - still employed,Active,Production,David Stanley,14,Search Engine - Google Bing Yahoo,Fully Meets,3.66,3,0,2/25/2019,0,
"Potts, Xana",10164,1,1,0,1,6,3,0,64724,0,3,Area Sales Manager,KY,40220,08/29/88,F,Married,US Citizen,No,Black or African American,1/9/2012,,N/A - still employed,Active,Sales,Lynn Daneault,21,Website Banner Ads,Fully Meets,4.2,5,0,2/1/2019,0,
"Power, Morissa",10124,0,2,0,5,5,3,0,47001,1,19,Production Technician I,MA,1742,10/15/84,F,Divorced,Eligible NonCitizen,No,Asian,5/16/2011,06/04/11,Another position,Voluntarily Terminated,Production,Kissy Sullivan,20,Social Networks - Facebook Twitter etc,Fully Meets,3.17,4,0,,,
"Punjabhi, Louis  ",10187,0,0,1,1,5,3,0,61844,0,19,Production Technician I,MA,2109,06/19/61,M,Single,US Citizen,No,White,1/6/2014,,N/A - still employed,Active,Production,Kelley Spirea,18,Employee Referral,Fully Meets,2.45,3,0,1/7/2019,0,
"Purinton, Janine",10225,0,2,0,5,5,3,0,46799,1,19,Production Technician I,MA,2474,09/22/70,F,Divorced,US Citizen,No,White,9/24/2012,06/18/13,unhappy,Voluntarily Terminated,Production,Kissy Sullivan,20,Billboard,Fully Meets,1.5,5,0,,,
"Quinn, Sean",10262,1,1,1,5,1,3,1,59472,1,23,Shared Services Manager,MA,2045,11/06/84,M,Married,Eligible NonCitizen,No,Black or African American,2/21/2011,08/15/15,career change,Voluntarily Terminated,Admin Offices,Janet King,2,Diversity Job Fair,Fully Meets,4.15,4,0,,,
"Rachael, Maggie",10131,1,1,0,1,3,3,0,46430,0,4,BI Developer,MA,2110,05/12/80,F,Married,US Citizen,No,Black or African American,10/2/2016,,N/A - still employed,Active,IT/IS,Brian Champaigne,13,Indeed,Fully Meets,2.02,4,6,2/6/2019,0,
"Rarrick, Quinn",10239,0,2,1,5,5,3,0,83363,1,19,Production Technician I,MA,2478,12/31/84,M,Divorced,US Citizen,No,White,9/26/2011,04/07/12,more money,Voluntarily Terminated,Production,Michael Albert,22,Pay Per Click - Google,Fully Meets,3.8,5,0,,,
"Rhoads, Thomas",10152,0,2,1,5,5,3,0,95920,1,19,Production Technician I,MA,2176,07/22/82,M,Divorced,US Citizen,Yes,White,5/16/2011,01/15/16,retiring,Voluntarily Terminated,Production,Elijiah Gray,16,Professional Society,Fully Meets,5,4,0,,,
"Riordan, Michael",10140,0,3,1,1,6,4,0,61729,0,3,Area Sales Manager,ND,58782,01/15/68,M,Separated,US Citizen,No,White,1/9/2006,,N/A - still employed,Active,Sales,Lynn Daneault,21,Billboard,Exceeds,4.1,3,0,1/4/2019,0,
"Rivera, Haley  ",10058,1,1,0,1,5,4,0,61809,0,19,Production Technician I,MA,2171,01/12/73,F,Married,US Citizen,No,Asian,11/28/2011,,N/A - still employed,Active,Production,Webster Butler,,Search Engine - Google Bing Yahoo,Exceeds,4.36,5,0,2/11/2019,0,
"Roberson, May",10011,0,2,0,5,5,3,0,45115,1,20,Production Technician II,MA,1902,09/05/81,F,Divorced,Eligible NonCitizen,No,White,9/26/2011,10/22/11,return to school,Voluntarily Terminated,Production,David Stanley,14,Search Engine - Google Bing Yahoo,Fully Meets,2.19,4,0,,,
"Robertson, Peter",10230,1,1,1,5,5,3,0,46738,1,20,Production Technician II,MA,2138,07/03/72,M,Married,US Citizen,No,White,7/5/2011,02/08/12,Another position,Voluntarily Terminated,Production,Kissy Sullivan,20,Glassdoor,Fully Meets,2.48,5,0,,,
"Robinson, Alain  ",10224,1,1,1,5,5,3,0,64971,1,19,Production Technician I,MA,1420,01/07/74,M,Married,US Citizen,No,Black or African American,1/10/2011,01/26/16,attendance,Voluntarily Terminated,Production,Amy Dunn,11,Glassdoor,Fully Meets,5,3,0,,,
"Robinson, Cherly",10047,1,1,0,4,5,2,0,55578,1,19,Production Technician I,MA,1460,01/07/85,F,Married,US Citizen,No,White,1/10/2011,05/17/16,attendance,Terminated for Cause,Production,Ketsia Liebig,19,Glassdoor,Needs Improvement,3.6,3,0,,,
"Robinson, Elias",10285,0,4,1,1,5,4,0,50428,0,19,Production Technician I,MA,1730,01/28/85,M,Widowed,US Citizen,No,White,7/8/2013,,N/A - still employed,Active,Production,Brannon Miller,12,Employee Referral,Exceeds,3.02,5,0,2/11/2019,0,
"Roby, Lori ",10020,1,1,0,1,3,3,0,61422,0,9,Data Analyst,MA,1886,10/11/81,F,Married,US Citizen,No,White,2/16/2015,,N/A - still employed,Active,IT/IS,Simon Roup,4,Employee Referral,Fully Meets,3.69,5,6,2/14/2019,0,
"Roehrich, Bianca",10162,0,0,0,5,3,3,0,63353,1,29,Principal Data Architect,MA,2703,05/27/73,F,Single,US Citizen,Yes,White,1/5/2015,11/10/15,Another position,Voluntarily Terminated,IT/IS,Simon Roup,4,Vendor Referral,Fully Meets,3.88,3,7,,,
"Rogers, Ivan",10149,1,1,1,1,3,3,0,89883,0,9,Data Analyst,MA,1810,08/26/86,M,Married,US Citizen,No,White,3/30/2015,,N/A - still employed,Active,IT/IS,Simon Roup,4,Pay Per Click - Google,Fully Meets,3.04,3,6,1/22/2019,0,
"Roper, Katie",10086,0,0,0,1,3,3,0,120000,0,7,Data Architect,MA,2056,11/21/72,F,Single,US Citizen,No,Black or African American,1/7/2017,,N/A - still employed,Active,IT/IS,Brian Champaigne,13,Indeed,Fully Meets,4.94,3,5,2/6/2019,0,
"Rose, Ashley  ",10054,0,3,0,1,5,3,0,150290,0,19,Production Technician I,MA,1886,12/05/74,F,Separated,US Citizen,No,White,1/6/2014,,N/A - still employed,Active,Production,David Stanley,14,Website Banner Ads,Fully Meets,5,4,0,1/31/2019,0,
"Rossetti, Bruno",10065,0,0,1,5,5,3,0,60627,1,19,Production Technician I,MA,2155,03/18/87,M,Single,US Citizen,No,White,4/4/2011,08/13/12,Another position,Voluntarily Terminated,Production,Kissy Sullivan,20,Search Engine - Google Bing Yahoo,Fully Meets,5,5,0,,,
"Roup,Simon",10198,0,0,1,1,3,3,0,53180,0,13,IT Manager - DB,MA,2481,04/05/73,M,Single,US Citizen,No,White,1/20/2013,,N/A - still employed,Active,IT/IS,Jennifer Zamora,5,Professional Society,Fully Meets,2.96,5,7,2/18/2019,0,
"Ruiz, Ricardo",10222,0,2,1,5,3,3,1,140920,1,13,IT Manager - DB,MA,1915,01/04/64,M,Divorced,US Citizen,No,Two or more races,1/9/2012,11/04/15,hours,Voluntarily Terminated,IT/IS,Jennifer Zamora,5,Diversity Job Fair,Fully Meets,2.51,4,6,,,
"Saada, Adell",10126,1,1,0,1,4,3,0,148999,0,24,Software Engineer,MA,2132,07/24/86,F,Married,US Citizen,No,White,11/5/2012,,N/A - still employed,Active,Software Engineering,Alex Sweetwater,10,Pay Per Click - Google,Fully Meets,1.74,3,6,2/13/2019,0,
"Saar-Beckles, Melinda",10295,0,0,0,2,5,2,1,86214,0,19,Production Technician I,MA,1801,06/06/68,F,Single,US Citizen,No,Black or African American,7/4/2016,,N/A - Has not started yet,Future Start,Production,Kelley Spirea,18,Diversity Job Fair,Needs Improvement,1.12,4,0,2/18/2019,0,
"Sadki, Nore  ",10260,0,0,1,5,5,3,0,47750,1,19,Production Technician I,MA,2148,12/21/74,M,Single,US Citizen,No,White,1/5/2009,07/30/10,relocation out of area,Voluntarily Terminated,Production,Michael Albert,22,Word of Mouth,Fully Meets,1.53,5,0,,,
"Sahoo, Adil",10233,1,1,1,1,5,3,0,46428,0,20,Production Technician II,MA,2062,04/26/86,M,Married,US Citizen,No,White,8/30/2010,,N/A - still employed,Active,Production,Kelley Spirea,18,Monster.com,Fully Meets,2.08,3,0,1/10/2019,0,
"Salter, Jason",10229,0,2,1,5,3,3,0,57975,1,9,Data Analyst,MA,2452,12/17/87,M,Divorced,US Citizen,No,Black or African American,1/5/2015,10/31/15,hours,Voluntarily Terminated,IT/IS,Simon Roup,4,Vendor Referral,Fully Meets,2.19,3,5,,,
"Sander, Kamrin",10169,1,1,0,1,5,3,0,88527,0,19,Production Technician I,MA,2154,07/10/88,F,Married,US Citizen,No,Black or African American,9/29/2014,,N/A - still employed,Active,Production,Elijiah Gray,16,On-campus Recruiting,Fully Meets,3.51,3,0,2/18/2019,0,
"Semizoglou, Jeremiah  ",10071,1,1,1,2,3,3,0,56147,0,28,Sr. Network Engineer,MA,1545,02/09/83,M,Married,US Citizen,No,Asian,6/30/2016,,N/A - Has not started yet,Future Start,IT/IS,Peter Monroe,7,On-campus Recruiting,Fully Meets,3.27,4,5,1/14/2019,0,
"Sewkumar, Nori",10179,0,0,0,3,5,3,0,50923,0,19,Production Technician I,MA,2191,03/10/75,F,Single,US Citizen,No,Asian,9/30/2013,,N/A - still employed,Leave of Absence,Production,Webster Butler,,Search Engine - Google Bing Yahoo,Fully Meets,5,5,0,2/21/2019,0,
"Shepard, Anita ",10091,1,1,0,1,3,3,0,50750,0,15,Network Engineer,MA,1773,04/14/81,F,Married,US Citizen,No,White,9/30/2014,,N/A - still employed,Active,IT/IS,Peter Monroe,7,Vendor Referral,Fully Meets,3.31,3,6,1/7/2019,0,
"Shields, Seffi",10178,1,1,0,1,5,3,0,52087,0,19,Production Technician I,MA,2149,08/24/85,F,Married,US Citizen,No,White,8/19/2013,,N/A - still employed,Active,Production,Amy Dunn,11,Newspager/Magazine,Fully Meets,4.81,4,0,2/15/2019,0,
"Simard, Kramer",10039,1,1,1,1,3,3,0,87826,0,9,Data Analyst,MA,2110,02/08/70,M,Married,US Citizen,Yes,White,1/5/2015,,N/A - still employed,Active,IT/IS,Simon Roup,4,Employee Referral,Fully Meets,3.32,3,7,1/14/2019,0,
"Singh, Nan ",10095,0,0,0,1,1,3,0,51920,0,2,Administrative Assistant,MA,2330,05/19/88,F,Single,US Citizen,No,White,5/1/2015,,N/A - still employed,Active,Admin Offices,Brandon R. LeBlanc,1,Website Banner Ads,Fully Meets,5,3,5,1/15/2019,0,
"Sloan, Constance",10027,0,0,0,5,5,3,0,63878,1,20,Production Technician II,MA,1851,11/25/87,F,Single,US Citizen,No,White,10/26/2009,04/08/15,maternity leave - did not return,Voluntarily Terminated,Production,Michael Albert,22,Monster.com,Fully Meets,4.68,4,0,,,
"Smith, Jason",10291,0,0,1,1,3,3,0,60656,0,4,BI Developer,MA,2045,09/04/83,M,Single,US Citizen,No,White,2/15/2017,,N/A - still employed,Active,IT/IS,Brian Champaigne,13,Indeed,Fully Meets,3.01,5,7,1/23/2019,0,
"Smith, Joe",10153,0,0,1,1,5,4,0,72992,0,20,Production Technician II,MA,2045,10/30/63,M,Single,US Citizen,No,White,9/29/2014,,N/A - still employed,Active,Production,Elijiah Gray,16,Pay Per Click - Google,Exceeds,2.41,3,0,1/28/2019,0,
"Smith, John",10157,0,2,1,1,6,2,1,55000,0,21,Sales Manager,MA,1886,08/16/84,M,Divorced,US Citizen,No,Black or African American,5/18/2014,,N/A - still employed,Active,Sales,Debra Houlihan,15,Diversity Job Fair,Needs Improvement,1.62,4,0,1/16/2019,0,
"Smith, Leigh Ann",10119,1,1,0,5,1,3,1,58939,1,2,Administrative Assistant,MA,1844,06/14/87,F,Married,US Citizen,No,Asian,9/26/2011,09/25/13,career change,Voluntarily Terminated,Admin Offices,Brandon R. LeBlanc,1,Diversity Job Fair,Fully Meets,3.8,4,4,,,
"Smith, Sade",10180,0,0,0,1,5,3,0,66593,0,19,Production Technician I,MA,2130,02/02/65,F,Single,US Citizen,No,White,11/11/2013,,N/A - still employed,Active,Production,Ketsia Liebig,19,Employee Referral,Fully Meets,3.73,3,0,1/24/2019,0,
"Soto, Julia ",10302,1,1,0,1,3,3,0,87565,0,14,IT Support,MA,2360,03/12/73,F,Married,US Citizen,No,Black or African American,6/10/2011,,N/A - still employed,Active,IT/IS,Eric Dougall,6,Information Session,Fully Meets,4.3,3,5,2/8/2019,0,
"South, Joe",10090,0,0,1,1,3,3,0,64021,0,28,Sr. Network Engineer,CT,6278,09/09/65,M,Single,US Citizen,No,White,11/10/2014,,N/A - still employed,Active,IT/IS,Peter Monroe,7,Employee Referral,Fully Meets,5,3,4,1/2/2019,0,
"Sparks, Taylor  ",10030,1,1,0,1,5,1,0,65714,0,19,Production Technician I,MA,2093,07/20/68,F,Married,US Citizen,No,White,2/20/2012,,N/A - still employed,Active,Production,Brannon Miller,12,Billboard,PIP,4.11,2,0,2/25/2019,0,
"Spirea, Kelley",10278,1,1,0,1,5,3,0,62425,0,18,Production Manager,MA,2451,09/30/75,F,Married,US Citizen,No,White,10/2/2012,,N/A - still employed,Active,Production,Janet King,2,Vendor Referral,Fully Meets,4.83,5,0,2/14/2019,0,
"Squatrito, Kristen",10307,0,2,0,5,5,4,0,47961,1,19,Production Technician I,MA,2359,03/26/73,F,Divorced,US Citizen,No,White,5/13/2013,06/29/15,unhappy,Voluntarily Terminated,Production,David Stanley,14,MBTA ads,Exceeds,1.97,4,0,,,
"Stanford,Barbara  M",10147,0,2,0,1,5,3,0,58273,0,19,Production Technician I,MA,2050,08/25/82,F,Divorced,US Citizen,No,Two or more races,1/10/2011,,N/A - still employed,Active,Production,Kissy Sullivan,20,Word of Mouth,Fully Meets,1.05,4,0,2/7/2019,0,
"Stanley, David ",10266,0,2,1,1,5,2,0,63003,0,18,Production Manager,MA,1803,12/17/75,M,Divorced,US Citizen,No,White,7/20/2010,,N/A - still employed,Active,Production,Janet King,2,Monster.com,Needs Improvement,4.13,2,0,1/14/2019,0,
"Steans, Tyrone  ",10241,0,0,1,1,1,3,0,61355,0,1,Accountant I,MA,2703,09/01/86,M,Single,US Citizen,No,White,9/29/2014,,N/A - still employed,Active,Admin Offices,Brandon R. LeBlanc,1,Internet Search,Fully Meets,3.9,5,5,1/18/2019,0,
"Stoica, Rick",10158,1,1,1,1,5,3,0,60120,0,19,Production Technician I,MA,2301,03/14/85,M,Married,US Citizen,No,Asian,2/17/2014,,N/A - still employed,Active,Production,Kelley Spirea,18,On-campus Recruiting,Fully Meets,1.39,3,0,1/11/2019,0,
"Strong, Caitrin",10117,1,1,0,1,6,3,0,63682,0,3,Area Sales Manager,MT,59102,05/12/89,F,Married,US Citizen,No,Black or African American,9/27/2010,,N/A - still employed,Active,Sales,John Smith,17,Professional Society,Fully Meets,2,4,0,1/31/2019,0,
"Sullivan, Kissy ",10209,1,1,0,1,5,3,0,63025,0,18,Production Manager,MA,1776,03/28/78,F,Married,US Citizen,No,Black or African American,1/8/2009,,N/A - still employed,Active,Production,Janet King,2,Billboard,Fully Meets,3.73,4,0,1/24/2019,0,
"Sullivan, Timothy",10024,1,1,1,1,5,3,0,59238,0,19,Production Technician I,MA,2747,10/07/82,M,Married,US Citizen,Yes,White,1/5/2015,,N/A - still employed,Active,Production,Michael Albert,22,Word of Mouth,Fully Meets,4.36,5,0,1/24/2019,0,
"Sutwell, Barbara",10173,0,0,0,1,5,3,0,92989,0,19,Production Technician I,MA,2718,08/15/68,F,Single,Eligible NonCitizen,No,Asian,5/14/2012,,N/A - still employed,Active,Production,Elijiah Gray,16,Glassdoor,Fully Meets,2.77,5,0,1/31/2019,0,
"Sweetwater, Alex",10221,0,0,1,1,4,3,0,90100,0,25,Software Engineering Manager,MA,2184,11/22/66,M,Single,US Citizen,No,White,8/15/2011,,N/A - still employed,Active,Software Engineering,Jennifer Zamora,5,Search Engine - Google Bing Yahoo,Fully Meets,3.84,3,5,1/21/2019,0,
"Szabo, Andrew",10146,0,0,1,1,4,4,0,60754,0,24,Software Engineer,MA,2140,05/06/83,M,Single,US Citizen,No,White,7/7/2014,,N/A - still employed,Active,Software Engineering,Alex Sweetwater,10,MBTA ads,Exceeds,2.61,5,5,2/18/2019,0,
"Tavares, Desiree  ",10161,1,1,0,5,5,3,1,72202,1,19,Production Technician I,MA,1801,04/03/75,F,Married,Non-Citizen,No,Two or more races,4/27/2009,04/01/13,Another position,Voluntarily Terminated,Production,Webster Butler,39,Diversity Job Fair,Fully Meets,2.52,5,0,,,
"Tejeda, Lenora ",10141,1,1,0,5,5,3,0,58370,1,20,Production Technician II,MA,2129,05/24/53,F,Married,US Citizen,No,White,5/16/2011,07/08/12,Another position,Voluntarily Terminated,Production,Elijiah Gray,16,Search Engine - Google Bing Yahoo,Fully Meets,3.93,3,0,,,
"Terry, Sharlene ",10268,0,0,0,1,6,3,0,48413,0,3,Area Sales Manager,OR,97756,05/07/65,F,Single,US Citizen,No,Black or African American,9/29/2014,,N/A - still employed,Active,Sales,Lynn Daneault,21,Monster.com,Fully Meets,3.69,3,0,1/28/2019,0,
"Theamstern, Sophia",10123,0,0,0,5,5,3,0,67176,1,19,Production Technician I,MA,2066,05/09/65,F,Single,US Citizen,No,White,7/5/2011,09/05/11,return to school,Voluntarily Terminated,Production,Amy Dunn,11,Billboard,Fully Meets,3.98,4,0,,,
"Thibaud, Kenneth",10013,0,4,1,5,5,3,0,56339,1,20,Production Technician II,MA,2472,09/16/75,M,Widowed,US Citizen,No,White,6/25/2007,08/30/10,military,Voluntarily Terminated,Production,Webster Butler,39,Pay Per Click - Google,Fully Meets,1.37,4,0,,,
"Tinto, Theresa  ",10287,0,2,0,5,5,3,0,64397,1,19,Production Technician I,MA,1876,07/30/83,F,Divorced,US Citizen,No,White,1/10/2011,05/14/11,Another position,Voluntarily Terminated,Production,Ketsia Liebig,19,Social Networks - Facebook Twitter etc,Fully Meets,2.81,5,0,,,
"Tippett, Jeanette",10044,0,2,0,1,5,3,0,63025,0,19,Production Technician I,MA,2093,06/05/67,F,Divorced,US Citizen,No,Black or African American,2/18/2013,,N/A - still employed,Active,Production,Brannon Miller,12,Billboard,Fully Meets,4.21,5,0,1/14/2019,0,
"Trang, Mei",10102,0,0,0,1,5,2,0,75281,0,19,Production Technician I,MA,2021,05/16/83,F,Single,US Citizen,No,White,2/17/2014,,N/A - still employed,Active,Production,David Stanley,14,Professional Society,Needs Improvement,2.44,5,0,2/11/2019,0,
"Tredinnick, Neville ",10270,1,1,1,5,3,3,0,100416,1,15,Network Engineer,MA,1420,05/05/88,M,Married,US Citizen,No,White,1/5/2015,05/12/15,medical issues,Voluntarily Terminated,IT/IS,Peter Monroe,7,Monster.com,Fully Meets,5,3,5,,,
"True, Edward",10045,0,0,1,5,4,3,1,74813,1,24,Software Engineer,MA,2451,06/14/83,M,Single,Non-Citizen,No,Black or African American,2/18/2013,04/15/14,medical issues,Voluntarily Terminated,Software Engineering,Alex Sweetwater,10,Diversity Job Fair,Fully Meets,1.11,3,4,,,
"Trzeciak, Cybil",10205,0,0,0,5,5,3,0,76029,1,20,Production Technician II,MA,1778,03/15/85,F,Single,US Citizen,No,White,1/10/2011,07/02/12,unhappy,Voluntarily Terminated,Production,Amy Dunn,11,Vendor Referral,Fully Meets,1.3,3,0,,,
"Turpin, Jumil",10014,1,1,1,1,3,3,0,57859,0,15,Network Engineer,MA,2343,03/31/69,M,Married,Eligible NonCitizen,No,White,3/30/2015,,N/A - still employed,Active,IT/IS,Peter Monroe,7,Employee Referral,Fully Meets,5,4,7,1/14/2019,0,
"Valentin,Jackie",10144,1,1,0,1,6,3,0,58523,0,3,Area Sales Manager,AZ,85006,05/23/91,F,Married,US Citizen,No,Two or more races,7/5/2011,,N/A - still employed,Active,Sales,John Smith,17,Other,Fully Meets,2.81,3,0,1/17/2019,0,
"Veera, Abdellah ",10253,0,2,1,5,5,4,0,88976,1,19,Production Technician I,MA,2171,01/31/87,M,Divorced,US Citizen,No,White,8/13/2012,02/05/16,maternity leave - did not return,Voluntarily Terminated,Production,Kissy Sullivan,20,Information Session,Exceeds,3.84,5,0,,,
"Villanueva, Noah",10118,0,0,1,1,6,3,0,55875,0,3,Area Sales Manager,ME,4063,07/11/89,M,Single,US Citizen,No,Asian,3/5/2012,,N/A - still employed,Active,Sales,John Smith,17,Website Banner Ads,Fully Meets,1.77,4,0,1/18/2019,0,
"Volk, Colleen",10022,1,1,0,4,5,4,0,113999,1,19,Production Technician I,MA,2747,06/03/86,F,Married,US Citizen,No,White,9/26/2011,02/08/16,gross misconduct,Terminated for Cause,Production,Kelley Spirea,18,Social Networks - Facebook Twitter etc,Exceeds,2.79,5,0,,,
"Von Massenbach, Anna",10183,0,0,0,2,5,3,0,49773,0,19,Production Technician I,MA,2124,04/06/85,F,Single,US Citizen,No,White,7/5/2015,,N/A - Has not started yet,Future Start,Production,Michael Albert,22,Newspager/Magazine,Fully Meets,3.21,3,0,1/29/2019,0,
"Walker, Roger",10190,0,0,1,1,5,3,0,62068,0,20,Production Technician II,MA,2459,02/10/76,M,Single,US Citizen,No,Black or African American,8/18/2014,,N/A - still employed,Active,Production,Ketsia Liebig,19,Employee Referral,Fully Meets,3.11,5,0,2/12/2019,0,
"Wallace, Courtney  E",10274,1,1,0,5,5,3,1,66541,1,18,Production Manager,MA,2478,11/14/55,F,Married,US Citizen,No,Black or African American,9/26/2011,01/02/12,Another position,Voluntarily Terminated,Production,Janet King,2,Diversity Job Fair,Fully Meets,1.18,3,0,,,
"Wallace, Theresa",10293,0,0,0,5,5,2,0,80512,1,19,Production Technician I,MA,1887,08/02/80,F,Single,US Citizen,No,White,8/13/2012,09/01/15,career change,Voluntarily Terminated,Production,Elijiah Gray,16,Monster.com,Needs Improvement,1.27,3,0,,,
"Wang, Charlie",10172,0,0,1,1,3,3,0,50274,0,22,Senior BI Developer,MA,1887,07/08/81,M,Single,US Citizen,No,Asian,2/15/2017,,N/A - still employed,Active,IT/IS,Brian Champaigne,13,Indeed,Fully Meets,3.42,4,7,1/4/2019,0,
"Warfield, Sarah",10127,0,4,0,1,3,3,0,84903,0,28,Sr. Network Engineer,MA,2453,05/02/78,F,Widowed,US Citizen,No,Asian,3/30/2015,,N/A - still employed,Active,IT/IS,Peter Monroe,7,Employee Referral,Fully Meets,1.06,4,8,2/5/2019,0,
"Westinghouse, Matthew",10072,1,1,1,1,3,3,0,107226,0,4,BI Developer,MA,2134,10/24/87,M,Married,US Citizen,No,White,4/20/2017,,N/A - still employed,Active,IT/IS,Brian Champaigne,13,Indeed,Fully Meets,1.82,3,6,1/2/2019,0,
"Whittier, Scott",10048,0,0,1,5,5,3,0,58371,1,19,Production Technician I,MA,2030,05/24/87,M,Single,US Citizen,Yes,White,1/10/2011,05/15/11,hours,Voluntarily Terminated,Production,Webster Butler,39,Newspager/Magazine,Fully Meets,5,5,0,,,
"Wilber, Barry",10204,1,1,1,5,5,3,0,55140,1,19,Production Technician I,MA,2324,09/09/65,M,Married,Eligible NonCitizen,No,White,5/16/2011,09/07/15,unhappy,Voluntarily Terminated,Production,Amy Dunn,11,Website Banner Ads,Fully Meets,5,3,0,,,
"Williams, Jacquelyn  ",10264,0,0,0,5,5,3,1,58062,1,19,Production Technician I,MA,2109,10/02/69,F,Single,US Citizen,Yes,Two or more races,1/9/2012,06/27/15,relocation out of area,Voluntarily Terminated,Production,Ketsia Liebig,19,Diversity Job Fair,Fully Meets,1.44,4,0,,,
"Winthrop, Jordan  ",10033,0,0,1,5,5,4,0,59728,1,20,Production Technician II,MA,2045,11/07/58,M,Single,US Citizen,No,White,1/7/2013,02/21/16,retiring,Voluntarily Terminated,Production,Brannon Miller,12,Professional Society,Exceeds,1.67,3,0,,,
"Wolk, Hang  T",10174,0,0,0,1,5,3,0,70507,0,20,Production Technician II,MA,2302,04/20/85,F,Single,US Citizen,No,White,9/29/2014,,N/A - still employed,Active,Production,David Stanley,14,Newspager/Magazine,Fully Meets,3.4,4,0,2/21/2019,0,
"Woodson, Jason",10135,0,0,1,1,5,3,0,60446,0,20,Production Technician II,MA,1810,05/11/85,M,Single,US Citizen,No,White,7/7/2014,,N/A - still employed,Active,Production,Kissy Sullivan,20,Vendor Referral,Fully Meets,4.07,4,0,2/28/2019,0,
"Ybarra, Catherine ",10301,0,0,0,5,5,1,0,65893,1,19,Production Technician I,MA,2458,05/04/82,F,Single,US Citizen,No,Asian,9/2/2008,09/29/15,Another position,Voluntarily Terminated,Production,Brannon Miller,12,Search Engine - Google Bing Yahoo,PIP,4.29,2,0,,,
"Zamora, Jennifer",10010,0,0,0,1,3,4,0,48513,0,6,CIO,MA,2067,08/30/79,F,Single,US Citizen,No,White,4/10/2010,,N/A - still employed,Active,IT/IS,Janet King,2,Employee Referral,Exceeds,1.12,5,6,2/21/2019,16,
"Zhou, Julia",10043,0,0,0,1,3,3,0,89292,0,9,Data Analyst,MA,2148,02/24/79,F,Single,US Citizen,No,White,3/30/2015,,N/A - still employed,Active,IT/IS,Simon Roup,4,Employee Referral,Fully Meets,5,3,5,2/1/2019,0,
"Zima, Colleen",10271,0,4,0,1,5,3,0,45046,0,19,Production Technician I,MA,1730,08/17/78,F,Widowed,US Citizen,No,Asian,9/29/2014,,N/A - still employed,Active,Production,David Stanley,14,On-campus Recruiting,Fully Meets,1.24,5,0,1/30/2019,0,